Date/Time,Gas:Facility [J](Hourly),Electricity:Facility [J](Hourly),InteriorLights:Electricity [J](Hourly),InteriorEquipment:Electricity [J](Hourly),Fans:Electricity [J](Hourly),Pumps:Electricity [J](Hourly),Heating:Electricity [J](Hourly),Cooling:Electricity [J](Hourly),Heating:Gas [J](Hourly) 
 01/01  01:00:00,0.0,39952140.969726,21592146.7968761,18359994.17285,0.0,0.0,0.0,0.0,0.0 
 01/01  02:00:00,0.0,39952140.969726,21592146.7968761,18359994.17285,0.0,0.0,0.0,0.0,0.0 
 01/01  03:00:00,0.0,39952140.969726,21592146.7968761,18359994.17285,0.0,0.0,0.0,0.0,0.0 
 01/01  04:00:00,0.0,39952140.969726,21592146.7968761,18359994.17285,0.0,0.0,0.0,0.0,0.0 
 01/01  05:00:00,0.0,39952140.969726,21592146.7968761,18359994.17285,0.0,0.0,0.0,0.0,0.0 
 01/01  06:00:00,0.0,39952140.969726,21592146.7968761,18359994.17285,0.0,0.0,0.0,0.0,0.0 
 01/01  07:00:00,1691670441.79788,116501502.499215,21592146.7968761,18359994.17285,62594539.9509955,11664438.8843779,0.0,2253570.5484079,1691670441.79788 
 01/01  08:00:00,1533553083.73207,102017068.664154,21592146.7968761,18359994.17285,54519242.0400848,7545685.65434287,0.0,0.0,1533553083.73207 
 01/01  09:00:00,1363075577.96474,95878780.3869596,21592146.7968761,18359994.17285,47380148.5062882,7569692.94170722,0.0,964453.13881881,1363075577.96474 
 01/01  10:00:00,788386489.451629,67653931.2366156,21592146.7968761,18359994.17285,20504828.6655876,6708084.92241913,0.0,482583.586361137,788386489.451629 
 01/01  11:00:00,518408570.750041,77270237.4251412,21592146.7968761,18359994.17285,17758661.424544,13692144.6695784,0.0,5789157.00082582,518408570.750041 
 01/01  12:00:00,401522901.241158,76958415.3835757,21592146.7968761,18359994.17285,17462833.1972047,13683598.9026526,0.0,5781683.6987568,401522901.241158 
 01/01  13:00:00,339931933.48136,88606917.6083588,21592146.7968761,18359994.17285,17323603.8288745,19605442.9663767,0.0,11568462.7765224,339931933.48136 
 01/01  14:00:00,0.0,39952140.969726,21592146.7968761,18359994.17285,0.0,0.0,0.0,0.0,0.0 
 01/01  15:00:00,0.0,39952140.969726,21592146.7968761,18359994.17285,0.0,0.0,0.0,0.0,0.0 
 01/01  16:00:00,0.0,39952140.969726,21592146.7968761,18359994.17285,0.0,0.0,0.0,0.0,0.0 
 01/01  17:00:00,0.0,39952140.969726,21592146.7968761,18359994.17285,0.0,0.0,0.0,0.0,0.0 
 01/01  18:00:00,0.0,39952140.969726,21592146.7968761,18359994.17285,0.0,0.0,0.0,0.0,0.0 
 01/01  19:00:00,0.0,39952140.969726,21592146.7968761,18359994.17285,0.0,0.0,0.0,0.0,0.0 
 01/01  20:00:00,0.0,39952140.969726,21592146.7968761,18359994.17285,0.0,0.0,0.0,0.0,0.0 
 01/01  21:00:00,0.0,39952140.969726,21592146.7968761,18359994.17285,0.0,0.0,0.0,0.0,0.0 
 01/01  22:00:00,0.0,39952140.969726,21592146.7968761,18359994.17285,0.0,0.0,0.0,0.0,0.0 
 01/01  23:00:00,0.0,39952140.969726,21592146.7968761,18359994.17285,0.0,0.0,0.0,0.0,0.0 
 01/01  24:00:00,0.0,39952140.969726,21592146.7968761,18359994.17285,0.0,0.0,0.0,0.0,0.0 
 01/02  01:00:00,0.0,39952140.969726,21592146.7968761,18359994.17285,0.0,0.0,0.0,0.0,0.0 
 01/02  02:00:00,0.0,39952140.969726,21592146.7968761,18359994.17285,0.0,0.0,0.0,0.0,0.0 
 01/02  03:00:00,0.0,39952140.969726,21592146.7968761,18359994.17285,0.0,0.0,0.0,0.0,0.0 
 01/02  04:00:00,0.0,39952140.969726,21592146.7968761,18359994.17285,0.0,0.0,0.0,0.0,0.0 
 01/02  05:00:00,0.0,39952140.969726,21592146.7968761,18359994.17285,0.0,0.0,0.0,0.0,0.0 
 01/02  06:00:00,1699703282.77273,118687758.641591,21592146.7968761,18359994.17285,62931131.8432202,12732798.174976,0.0,3025800.66904114,1699703282.77273 
 01/02  07:00:00,1449780506.69377,265489900.755991,97164660.5859424,107999965.722647,53794330.358126,6530944.08927555,0.0,0.0,1449780506.69377 
 01/02  08:00:00,1299766169.8422,263043007.049691,97164660.5859424,107999965.722647,46092553.1667963,9211628.41622573,0.0,2540576.37659253,1299766169.8422 
 01/02  09:00:00,639752501.690688,244185883.018219,97164660.5859424,107999965.722647,19431640.9965179,13646134.0077936,0.0,5868897.49417904,639752501.690688 
 01/02  10:00:00,352908527.997766,229222913.938482,97164660.5859424,107999965.722647,17040918.9038445,6041301.89218743,0.0,963574.8455871,352908527.997766 
 01/02  11:00:00,236774703.619791,229223881.188815,97164660.5859424,107999965.722647,16899499.0556334,4231371.54569707,0.0,2890616.65743502,236774703.619791 
 01/02  12:00:00,169623144.420091,227408169.998111,97164660.5859424,107999965.722647,17508810.3433175,2777192.94664281,0.0,1931784.52604374,169623144.420091 
 01/02  13:00:00,114435964.939457,223358130.468281,97164660.5859424,107999965.722647,18067610.7398289,125893.419862562,0.0,0.0,114435964.939457 
 01/02  14:00:00,51852725.0054555,232500151.427591,97164660.5859424,107999965.722647,18206381.3974299,5214101.19886656,0.0,3863011.42770682,51852725.0054555 
 01/02  15:00:00,4001838.0740932,241358852.673183,97164660.5859424,107999965.722647,18059561.5017485,10319144.4307115,0.0,7711608.54007104,4001838.0740932 
 01/02  16:00:00,31141.6668344636,241486459.029749,97164660.5859424,107999965.722647,18188128.3417112,10314932.2223306,0.0,7714216.50246429,31141.6668344636 
 01/02  17:00:00,14783.5063302265,225426174.062043,97164660.5859424,107999965.722647,17995569.9650067,1289348.76239775,0.0,963558.052915564,14783.5063302265 
 01/02  18:00:00,0.0,240970737.271632,97164660.5859424,107999965.722647,17678662.413875,10314676.913073,0.0,7708738.20250198,0.0 
 01/02  19:00:00,25602622.5122192,56823055.8222597,21592146.7968761,18359994.17285,16184570.452142,425912.272322128,0.0,256977.516928274,25602622.5122192 
 01/02  20:00:00,0.0,39952140.969726,21592146.7968761,18359994.17285,0.0,0.0,0.0,0.0,0.0 
 01/02  21:00:00,0.0,39952140.969726,21592146.7968761,18359994.17285,0.0,0.0,0.0,0.0,0.0 
 01/02  22:00:00,0.0,39952140.969726,21592146.7968761,18359994.17285,0.0,0.0,0.0,0.0,0.0 
 01/02  23:00:00,0.0,39952140.969726,21592146.7968761,18359994.17285,0.0,0.0,0.0,0.0,0.0 
 01/02  24:00:00,0.0,39952140.969726,21592146.7968761,18359994.17285,0.0,0.0,0.0,0.0,0.0 
 01/03  01:00:00,0.0,39952140.969726,21592146.7968761,18359994.17285,0.0,0.0,0.0,0.0,0.0 
 01/03  02:00:00,0.0,39952140.969726,21592146.7968761,18359994.17285,0.0,0.0,0.0,0.0,0.0 
 01/03  03:00:00,0.0,39952140.969726,21592146.7968761,18359994.17285,0.0,0.0,0.0,0.0,0.0 
 01/03  04:00:00,0.0,39952140.969726,21592146.7968761,18359994.17285,0.0,0.0,0.0,0.0,0.0 
 01/03  05:00:00,0.0,39952140.969726,21592146.7968761,18359994.17285,0.0,0.0,0.0,0.0,0.0 
 01/03  06:00:00,1502480658.85702,107738857.815886,21592146.7968761,18359994.17285,54213181.716998,10843933.9875527,0.0,2685920.38431173,1502480658.85702 
 01/03  07:00:00,1384342638.6014,266164876.45778,97164660.5859424,107999965.722647,53728016.1155257,6750294.49081805,0.0,514983.913805356,1384342638.6014 
 01/03  08:00:00,997143586.53636,242111308.884521,97164660.5859424,107999965.722647,31025069.4852784,5921613.0906529,0.0,0.0,997143586.53636 
 01/03  09:00:00,484485479.082245,238391651.559506,97164660.5859424,107999965.722647,18281317.926092,10995208.0490568,0.0,3895648.99523875,484485479.082245 
 01/03  10:00:00,285761453.831643,234249384.686566,97164660.5859424,107999965.722647,16873254.4383151,8299902.87879255,0.0,3855590.94815379,285761453.831643 
 01/03  11:00:00,192774602.669873,224804549.27318,97164660.5859424,107999965.722647,17133259.6498547,1528314.63608149,0.0,963971.435829554,192774602.669873 
 01/03  12:00:00,118127070.311555,228649260.268467,97164660.5859424,107999965.722647,17684815.5423523,3353914.3806427,0.0,2409481.27907313,118127070.311555 
 01/03  13:00:00,54364890.2304316,223168178.756121,97164660.5859424,107999965.722647,17944416.2170556,59136.2304765652,0.0,0.0,54364890.2304316 
 01/03  14:00:00,11470180.0291745,223314792.116069,97164660.5859424,107999965.722647,18137693.1811104,12472.6263698847,0.0,0.0,11470180.0291745 
 01/03  15:00:00,117987.282212133,223578094.594151,97164660.5859424,107999965.722647,18413343.2656405,125.01992105365,0.0,0.0,117987.282212133 
 01/03  16:00:00,0.0,241742811.428044,97164660.5859424,107999965.722647,18430090.5803695,10314968.62267,0.0,7715959.41072692,0.0 
 01/03  17:00:00,16166.1088487961,232462879.758355,97164660.5859424,107999965.722647,18222202.1354529,5157903.50734367,0.0,3860238.06515796,16166.1088487961 
 01/03  18:00:00,0.0,259350741.584349,97164660.5859424,107999965.722647,17880399.3028122,20631650.5401165,0.0,15443313.2668945,0.0 
 01/03  19:00:00,15358682.3259009,56195136.1392164,21592146.7968761,18359994.17285,16225703.9746088,17291.1948815081,0.0,0.0,15358682.3259009 
 01/03  20:00:00,0.0,39952140.969726,21592146.7968761,18359994.17285,0.0,0.0,0.0,0.0,0.0 
 01/03  21:00:00,0.0,39952140.969726,21592146.7968761,18359994.17285,0.0,0.0,0.0,0.0,0.0 
 01/03  22:00:00,0.0,39952140.969726,21592146.7968761,18359994.17285,0.0,0.0,0.0,0.0,0.0 
 01/03  23:00:00,0.0,39952140.969726,21592146.7968761,18359994.17285,0.0,0.0,0.0,0.0,0.0 
 01/03  24:00:00,0.0,39952140.969726,21592146.7968761,18359994.17285,0.0,0.0,0.0,0.0,0.0 
 01/04  01:00:00,0.0,39952140.969726,21592146.7968761,18359994.17285,0.0,0.0,0.0,0.0,0.0 
 01/04  02:00:00,0.0,39952140.969726,21592146.7968761,18359994.17285,0.0,0.0,0.0,0.0,0.0 
 01/04  03:00:00,0.0,39952140.969726,21592146.7968761,18359994.17285,0.0,0.0,0.0,0.0,0.0 
 01/04  04:00:00,0.0,39952140.969726,21592146.7968761,18359994.17285,0.0,0.0,0.0,0.0,0.0 
 01/04  05:00:00,0.0,39952140.969726,21592146.7968761,18359994.17285,0.0,0.0,0.0,0.0,0.0 
 01/04  06:00:00,1399520654.78266,103012972.648276,21592146.7968761,18359994.17285,50689840.0010447,10096568.3018657,0.0,2235648.05583554,1399520654.78266 
 01/04  07:00:00,1363068022.94719,267471427.021641,97164660.5859424,107999965.722647,54077451.2087885,7249546.71271737,0.0,965279.977852406,1363068022.94719 
 01/04  08:00:00,799427605.200272,255985442.737361,97164660.5859424,107999965.722647,22069546.2649947,18813493.9793335,0.0,9787286.79903314,799427605.200272 
 01/04  09:00:00,449197932.354643,256343158.165603,97164660.5859424,107999965.722647,18023879.9913989,21317723.9862813,0.0,11652555.3805265,449197932.354643 
 01/04  10:00:00,292736817.834353,243683698.352895,97164660.5859424,107999965.722647,17162716.5346706,13480683.1303469,0.0,7751669.89268505,292736817.834353 
 01/04  11:00:00,215364738.798662,222715671.61763,97164660.5859424,107999965.722647,17271658.2403448,279387.068695851,0.0,0.0,215364738.798662 
 01/04  12:00:00,170687329.651614,222755409.227282,97164660.5859424,107999965.722647,17392419.2662163,198363.652476362,0.0,0.0,170687329.651614 
 01/04  13:00:00,144120729.180107,222813721.439616,97164660.5859424,107999965.722647,17487559.2266256,161535.904401476,0.0,0.0,144120729.180107 
 01/04  14:00:00,128439721.145587,222869319.925069,97164660.5859424,107999965.722647,17562686.6250265,142006.991453572,0.0,0.0,128439721.145587 
 01/04  15:00:00,120716958.743888,222917214.619845,97164660.5859424,107999965.722647,17619781.737532,132806.573724155,0.0,0.0,120716958.743888 
 01/04  16:00:00,119384795.851885,232039419.794628,97164660.5859424,107999965.722647,17669573.3361708,5288622.3892618,0.0,3854486.08716157,119384795.851885 
 01/04  17:00:00,133142794.378468,223004023.219909,97164660.5859424,107999965.722647,17691624.0529437,147772.858376176,0.0,0.0,133142794.378468 
 01/04  18:00:00,167285741.96712,232011732.396451,97164660.5859424,107999965.722647,17569692.6734453,5350292.21107945,0.0,3864376.08056714,167285741.96712 
 01/04  19:00:00,268890703.248501,57708948.734306,21592146.7968761,18359994.17285,16177088.9215622,1090167.1368338,0.0,481768.750199529,268890703.248501 
 01/04  20:00:00,0.0,39952140.969726,21592146.7968761,18359994.17285,0.0,0.0,0.0,0.0,0.0 
 01/04  21:00:00,0.0,39952140.969726,21592146.7968761,18359994.17285,0.0,0.0,0.0,0.0,0.0 
 01/04  22:00:00,0.0,39952140.969726,21592146.7968761,18359994.17285,0.0,0.0,0.0,0.0,0.0 
 01/04  23:00:00,0.0,39952140.969726,21592146.7968761,18359994.17285,0.0,0.0,0.0,0.0,0.0 
 01/04  24:00:00,0.0,39952140.969726,21592146.7968761,18359994.17285,0.0,0.0,0.0,0.0,0.0 
 01/05  01:00:00,0.0,39952140.969726,21592146.7968761,18359994.17285,0.0,0.0,0.0,0.0,0.0 
 01/05  02:00:00,0.0,39952140.969726,21592146.7968761,18359994.17285,0.0,0.0,0.0,0.0,0.0 
 01/05  03:00:00,0.0,39952140.969726,21592146.7968761,18359994.17285,0.0,0.0,0.0,0.0,0.0 
 01/05  04:00:00,0.0,39952140.969726,21592146.7968761,18359994.17285,0.0,0.0,0.0,0.0,0.0 
 01/05  05:00:00,0.0,39952140.969726,21592146.7968761,18359994.17285,0.0,0.0,0.0,0.0,0.0 
 01/05  06:00:00,1370689134.96367,101847557.468701,21592146.7968761,18359994.17285,49716911.1342398,9945838.49960857,0.0,2193279.94634907,1370689134.96367 
 01/05  07:00:00,1305021523.46044,266765207.494126,97164660.5859424,107999965.722647,48239691.0571135,10157641.2449932,0.0,3152101.52307072,1305021523.46044 
 01/05  08:00:00,717427699.436578,252424657.898478,97164660.5859424,107999965.722647,20799634.7298145,17478991.1617765,0.0,8836205.73779104,717427699.436578 
 01/05  09:00:00,401109902.688707,255989949.503145,97164660.5859424,107999965.722647,17675142.9788176,21313427.193391,0.0,11648474.0948433,401109902.688707 
 01/05  10:00:00,250338053.756111,225140719.117762,97164660.5859424,107999965.722647,17157991.1526417,1838328.30954174,0.0,964129.03381995,250338053.756111 
 01/05  11:00:00,169871015.288947,222720349.380995,97164660.5859424,107999965.722647,17357398.322547,198324.749858423,0.0,0.0,169871015.288947 
 01/05  12:00:00,131573307.676466,222804677.575114,97164660.5859424,107999965.722647,17494086.1020549,145965.164470116,0.0,0.0,131573307.676466 
 01/05  13:00:00,104696927.680522,222872649.628119,97164660.5859424,107999965.722647,17593549.1170046,114474.202525208,0.0,0.0,104696927.680522 
 01/05  14:00:00,83181831.1157852,241234989.978788,97164660.5859424,107999965.722647,17695059.1121232,10410536.3394601,0.0,7824100.85124264,83181831.1157852 
 01/05  15:00:00,66418793.6401739,223006244.012302,97164660.5859424,107999965.722647,17769368.5030893,72249.2006230737,0.0,0.0,66418793.6401739 
 01/05  16:00:00,57864297.8607517,232239624.668399,97164660.5859424,107999965.722647,17817907.9699611,5225083.15666495,0.0,3959279.25852552,57864297.8607517 
 01/05  17:00:00,53738631.2951596,236809639.733591,97164660.5859424,107999965.722647,17965504.2591103,7794613.38732719,0.0,5784536.56513499,53738631.2951596 
 01/05  18:00:00,58760604.5577823,232126998.738885,97164660.5859424,107999965.722647,17805042.8926275,5221945.27011482,0.0,3868463.52249664,58760604.5577823 
 01/05  19:00:00,147595429.952052,56356792.5851933,21592146.7968761,18359994.17285,16221403.1706351,183248.444832138,0.0,0.0,147595429.952052 
 01/05  20:00:00,0.0,39952140.969726,21592146.7968761,18359994.17285,0.0,0.0,0.0,0.0,0.0 
 01/05  21:00:00,0.0,39952140.969726,21592146.7968761,18359994.17285,0.0,0.0,0.0,0.0,0.0 
 01/05  22:00:00,0.0,39952140.969726,21592146.7968761,18359994.17285,0.0,0.0,0.0,0.0,0.0 
 01/05  23:00:00,0.0,39952140.969726,21592146.7968761,18359994.17285,0.0,0.0,0.0,0.0,0.0 
 01/05  24:00:00,0.0,39952140.969726,21592146.7968761,18359994.17285,0.0,0.0,0.0,0.0,0.0 
 01/06  01:00:00,0.0,39952140.969726,21592146.7968761,18359994.17285,0.0,0.0,0.0,0.0,0.0 
 01/06  02:00:00,0.0,39952140.969726,21592146.7968761,18359994.17285,0.0,0.0,0.0,0.0,0.0 
 01/06  03:00:00,0.0,39952140.969726,21592146.7968761,18359994.17285,0.0,0.0,0.0,0.0,0.0 
 01/06  04:00:00,0.0,39952140.969726,21592146.7968761,18359994.17285,0.0,0.0,0.0,0.0,0.0 
 01/06  05:00:00,0.0,39952140.969726,21592146.7968761,18359994.17285,0.0,0.0,0.0,0.0,0.0 
 01/06  06:00:00,1343566627.92403,100410956.1276,21592146.7968761,18359994.17285,49047601.4777789,9493347.86866499,0.0,1886152.24825085,1343566627.92403 
 01/06  07:00:00,1284929601.43051,264918325.509443,97164660.5859424,107999965.722647,48066231.1216801,9203955.47632448,0.0,2445192.91845009,1284929601.43051 
 01/06  08:00:00,682199079.269482,240630290.789357,97164660.5859424,107999965.722647,20469443.2880052,11003603.0038535,0.0,3928206.20501294,682199079.269482 
 01/06  09:00:00,358762481.629925,250125277.856919,97164660.5859424,107999965.722647,17572374.4020193,17546190.1514664,0.0,9684486.31695947,358762481.629925 
 01/06  10:00:00,222307842.641519,222786016.77,97164660.5859424,107999965.722647,17303680.657625,317709.803785746,0.0,0.0,222307842.641519 
 01/06  11:00:00,138662727.664879,222867199.542316,97164660.5859424,107999965.722647,17546762.9767078,155810.257018877,0.0,0.0,138662727.664879 
 01/06  12:00:00,67786177.2798138,225567329.795772,97164660.5859424,107999965.722647,18059359.3864531,1363154.92014714,0.0,964228.439893892,67786177.2798138 
 01/06  13:00:00,14398422.4237743,244801171.764382,97164660.5859424,107999965.722647,19645796.2678088,11007709.4801967,0.0,8816357.17762604,14398422.4237743 
 01/06  14:00:00,0.0,266054607.928208,97164660.5859424,107999965.722647,20827259.1432568,20793081.0404801,0.0,18848312.8900824,0.0 
 01/06  15:00:00,0.0,268142418.074687,97164660.5859424,107999965.722647,21662667.7742792,20840219.597492,0.0,19997957.9429099,0.0 
 01/06  16:00:00,0.0,271213238.81598,97164660.5859424,107999965.722647,22456764.1889013,20927345.1911151,0.0,22090844.2321106,0.0 
 01/06  17:00:00,0.0,265372904.506458,97164660.5859424,107999965.722647,21057937.344618,20752043.8136257,0.0,18015540.8716828,0.0 
 01/06  18:00:00,0.0,233185845.948442,97164660.5859424,107999965.722647,18934119.2856206,5157970.98797371,0.0,3865274.10497942,0.0 
 01/06  19:00:00,1910467.92885153,56960781.2109623,21592146.7968761,18359994.17285,16401103.4523583,345926.260895455,0.0,257367.374172874,1910467.92885153 
 01/06  20:00:00,0.0,39952140.969726,21592146.7968761,18359994.17285,0.0,0.0,0.0,0.0,0.0 
 01/06  21:00:00,0.0,39952140.969726,21592146.7968761,18359994.17285,0.0,0.0,0.0,0.0,0.0 
 01/06  22:00:00,0.0,39952140.969726,21592146.7968761,18359994.17285,0.0,0.0,0.0,0.0,0.0 
 01/06  23:00:00,0.0,39952140.969726,21592146.7968761,18359994.17285,0.0,0.0,0.0,0.0,0.0 
 01/06  24:00:00,0.0,39952140.969726,21592146.7968761,18359994.17285,0.0,0.0,0.0,0.0,0.0 
 01/07  01:00:00,0.0,39952140.969726,21592146.7968761,18359994.17285,0.0,0.0,0.0,0.0,0.0 
 01/07  02:00:00,0.0,39952140.969726,21592146.7968761,18359994.17285,0.0,0.0,0.0,0.0,0.0 
 01/07  03:00:00,0.0,39952140.969726,21592146.7968761,18359994.17285,0.0,0.0,0.0,0.0,0.0 
 01/07  04:00:00,0.0,39952140.969726,21592146.7968761,18359994.17285,0.0,0.0,0.0,0.0,0.0 
 01/07  05:00:00,0.0,39952140.969726,21592146.7968761,18359994.17285,0.0,0.0,0.0,0.0,0.0 
 01/07  06:00:00,0.0,39952140.969726,21592146.7968761,18359994.17285,0.0,0.0,0.0,0.0,0.0 
 01/07  07:00:00,1329251917.59275,99481546.5569336,21592146.7968761,18359994.17285,48783623.49148,9098034.80940688,0.0,1621296.87271535,1329251917.59275 
 01/07  08:00:00,1379111353.94259,94940274.0372481,21592146.7968761,18359994.17285,48644177.3218765,6343955.74564562,0.0,0.0,1379111353.94259 
 01/07  09:00:00,849683692.18487,103806451.879231,21592146.7968761,18359994.17285,21208033.1664849,26643780.7381025,0.0,15752418.2051743,849683692.18487 
 01/07  10:00:00,532550200.442021,99970381.1216277,21592146.7968761,18359994.17285,17598249.4082033,26599689.037936,0.0,15576314.1305618,532550200.442021 
 01/07  11:00:00,387169935.756276,98770246.3744538,21592146.7968761,18359994.17285,16494051.9866108,26574700.2714154,0.0,15503867.8323087,387169935.756276 
 01/07  12:00:00,308975703.465177,76180666.9289443,21592146.7968761,18359994.17285,16028141.9144826,12343968.8826848,0.0,7732211.95380766,308975703.465177 
 01/07  13:00:00,263640238.482449,56350056.9883336,21592146.7968761,18359994.17285,16010283.3585791,387632.660028501,0.0,0.0,263640238.482449 
 01/07  14:00:00,0.0,39952140.969726,21592146.7968761,18359994.17285,0.0,0.0,0.0,0.0,0.0 
 01/07  15:00:00,0.0,39952140.969726,21592146.7968761,18359994.17285,0.0,0.0,0.0,0.0,0.0 
 01/07  16:00:00,0.0,39952140.969726,21592146.7968761,18359994.17285,0.0,0.0,0.0,0.0,0.0 
 01/07  17:00:00,0.0,39952140.969726,21592146.7968761,18359994.17285,0.0,0.0,0.0,0.0,0.0 
 01/07  18:00:00,0.0,39952140.969726,21592146.7968761,18359994.17285,0.0,0.0,0.0,0.0,0.0 
 01/07  19:00:00,0.0,39952140.969726,21592146.7968761,18359994.17285,0.0,0.0,0.0,0.0,0.0 
 01/07  20:00:00,0.0,39952140.969726,21592146.7968761,18359994.17285,0.0,0.0,0.0,0.0,0.0 
 01/07  21:00:00,0.0,39952140.969726,21592146.7968761,18359994.17285,0.0,0.0,0.0,0.0,0.0 
 01/07  22:00:00,0.0,39952140.969726,21592146.7968761,18359994.17285,0.0,0.0,0.0,0.0,0.0 
 01/07  23:00:00,0.0,39952140.969726,21592146.7968761,18359994.17285,0.0,0.0,0.0,0.0,0.0 
 01/07  24:00:00,0.0,39952140.969726,21592146.7968761,18359994.17285,0.0,0.0,0.0,0.0,0.0 
 01/08  01:00:00,0.0,39952140.969726,21592146.7968761,18359994.17285,0.0,0.0,0.0,0.0,0.0 
 01/08  02:00:00,0.0,39952140.969726,21592146.7968761,18359994.17285,0.0,0.0,0.0,0.0,0.0 
 01/08  03:00:00,0.0,39952140.969726,21592146.7968761,18359994.17285,0.0,0.0,0.0,0.0,0.0 
 01/08  04:00:00,0.0,39952140.969726,21592146.7968761,18359994.17285,0.0,0.0,0.0,0.0,0.0 
 01/08  05:00:00,0.0,39952140.969726,21592146.7968761,18359994.17285,0.0,0.0,0.0,0.0,0.0 
 01/08  06:00:00,0.0,39952140.969726,21592146.7968761,18359994.17285,0.0,0.0,0.0,0.0,0.0 
 01/08  07:00:00,1377460100.66491,103040969.572083,21592146.7968761,18359994.17285,50294236.4446543,10257893.1994117,0.0,2494335.5731594,1377460100.66491 
 01/08  08:00:00,1423594045.28292,102189973.495991,21592146.7968761,18359994.17285,53631891.1803718,7626084.04059267,0.0,964942.258321277,1423594045.28292 
 01/08  09:00:00,955071992.139529,97266482.5615077,21592146.7968761,18359994.17285,23790906.3065032,21478349.6775651,0.0,11851203.9784796,955071992.139529 
 01/08  10:00:00,587924256.997542,100367903.402792,21592146.7968761,18359994.17285,17943404.6104407,26623124.8390235,0.0,15593551.493726,587924256.997542 
 01/08  11:00:00,398244127.795319,80752526.1496006,21592146.7968761,18359994.17285,16675981.8502377,16245249.9219902,0.0,7752463.57327754,398244127.795319 
 01/08  12:00:00,324446602.745623,77630426.8021524,21592146.7968761,18359994.17285,16075284.9910001,13743081.2261377,0.0,7732049.95517331,324446602.745623 
 01/08  13:00:00,287943103.06986,56460025.2806001,21592146.7968761,18359994.17285,16010283.3585791,497600.95229498,0.0,0.0,287943103.06986 
 01/08  14:00:00,0.0,39952140.969726,21592146.7968761,18359994.17285,0.0,0.0,0.0,0.0,0.0 
 01/08  15:00:00,0.0,39952140.969726,21592146.7968761,18359994.17285,0.0,0.0,0.0,0.0,0.0 
 01/08  16:00:00,0.0,39952140.969726,21592146.7968761,18359994.17285,0.0,0.0,0.0,0.0,0.0 
 01/08  17:00:00,0.0,39952140.969726,21592146.7968761,18359994.17285,0.0,0.0,0.0,0.0,0.0 
 01/08  18:00:00,0.0,39952140.969726,21592146.7968761,18359994.17285,0.0,0.0,0.0,0.0,0.0 
 01/08  19:00:00,0.0,39952140.969726,21592146.7968761,18359994.17285,0.0,0.0,0.0,0.0,0.0 
 01/08  20:00:00,0.0,39952140.969726,21592146.7968761,18359994.17285,0.0,0.0,0.0,0.0,0.0 
 01/08  21:00:00,0.0,39952140.969726,21592146.7968761,18359994.17285,0.0,0.0,0.0,0.0,0.0 
 01/08  22:00:00,0.0,39952140.969726,21592146.7968761,18359994.17285,0.0,0.0,0.0,0.0,0.0 
 01/08  23:00:00,0.0,39952140.969726,21592146.7968761,18359994.17285,0.0,0.0,0.0,0.0,0.0 
 01/08  24:00:00,0.0,39952140.969726,21592146.7968761,18359994.17285,0.0,0.0,0.0,0.0,0.0 
 01/09  01:00:00,0.0,39952140.969726,21592146.7968761,18359994.17285,0.0,0.0,0.0,0.0,0.0 
 01/09  02:00:00,0.0,39952140.969726,21592146.7968761,18359994.17285,0.0,0.0,0.0,0.0,0.0 
 01/09  03:00:00,0.0,39952140.969726,21592146.7968761,18359994.17285,0.0,0.0,0.0,0.0,0.0 
 01/09  04:00:00,0.0,39952140.969726,21592146.7968761,18359994.17285,0.0,0.0,0.0,0.0,0.0 
 01/09  05:00:00,0.0,39952140.969726,21592146.7968761,18359994.17285,0.0,0.0,0.0,0.0,0.0 
 01/09  06:00:00,1532391653.19047,109730292.383887,21592146.7968761,18359994.17285,55439708.5648387,11348678.6585382,0.0,2942576.39122016,1532391653.19047 
 01/09  07:00:00,1397441894.29899,266036172.392986,97164660.5859424,107999965.722647,53576857.3308254,6773094.64996689,0.0,514712.236481181,1397441894.29899 
 01/09  08:00:00,1060837562.15275,243650788.947569,97164660.5859424,107999965.722647,32546390.708973,5939771.93000668,0.0,0.0,1060837562.15275 
 01/09  09:00:00,511485109.919842,229508633.010865,97164660.5859424,107999965.722647,18507500.2526852,5836506.4495906,0.0,0.0,511485109.919842 
 01/09  10:00:00,294914116.43483,227591107.66286,97164660.5859424,107999965.722647,16988995.9342285,4458730.60690097,0.0,964561.248969582,294914116.43483 
 01/09  11:00:00,198101900.150323,222730038.312665,97164660.5859424,107999965.722647,17316837.6895619,248574.314513416,0.0,0.0,198101900.150323 
 01/09  12:00:00,136969738.988263,223006695.546215,97164660.5859424,107999965.722647,17689013.8565726,153055.381053091,0.0,0.0,136969738.988263 
 01/09  13:00:00,86671310.7213085,232686628.704345,97164660.5859424,107999965.722647,18355043.9057887,5252150.08463796,0.0,3857694.4094643,86671310.7213085 
 01/09  14:00:00,29611684.5993548,246371467.414508,97164660.5859424,107999965.722647,18498667.32666,12925807.6215587,0.0,9639919.83057942,29611684.5993548 
 01/09  15:00:00,5964.97819558138,242378884.766779,97164660.5859424,107999965.722647,19055607.6766381,10315507.0893451,0.0,7729267.66707948,5964.97819558138 
 01/09  16:00:00,0.0,241886737.76397,97164660.5859424,107999965.722647,18565262.7856843,10315550.5800094,0.0,7724835.95248365,0.0 
 01/09  17:00:00,94748.3317283987,241709582.745491,97164660.5859424,107999965.722647,18390051.8122932,10315446.3125127,0.0,7725257.4242181,94748.3317283987 
 01/09  18:00:00,0.0,250354239.875831,97164660.5859424,107999965.722647,17981900.6044475,15472190.9674011,0.0,11567425.9061443,0.0 
 01/09  19:00:00,14079956.3190852,57426260.8795309,21592146.7968761,18359994.17285,16248458.3947254,704115.936880456,0.0,514114.948601721,14079956.3190852 
 01/09  20:00:00,0.0,39952140.969726,21592146.7968761,18359994.17285,0.0,0.0,0.0,0.0,0.0 
 01/09  21:00:00,0.0,39952140.969726,21592146.7968761,18359994.17285,0.0,0.0,0.0,0.0,0.0 
 01/09  22:00:00,0.0,39952140.969726,21592146.7968761,18359994.17285,0.0,0.0,0.0,0.0,0.0 
 01/09  23:00:00,0.0,39952140.969726,21592146.7968761,18359994.17285,0.0,0.0,0.0,0.0,0.0 
 01/09  24:00:00,0.0,39952140.969726,21592146.7968761,18359994.17285,0.0,0.0,0.0,0.0,0.0 
 01/10  01:00:00,0.0,39952140.969726,21592146.7968761,18359994.17285,0.0,0.0,0.0,0.0,0.0 
 01/10  02:00:00,0.0,39952140.969726,21592146.7968761,18359994.17285,0.0,0.0,0.0,0.0,0.0 
 01/10  03:00:00,0.0,39952140.969726,21592146.7968761,18359994.17285,0.0,0.0,0.0,0.0,0.0 
 01/10  04:00:00,0.0,39952140.969726,21592146.7968761,18359994.17285,0.0,0.0,0.0,0.0,0.0 
 01/10  05:00:00,0.0,39952140.969726,21592146.7968761,18359994.17285,0.0,0.0,0.0,0.0,0.0 
 01/10  06:00:00,1494403975.66493,107081007.909418,21592146.7968761,18359994.17285,53670419.2577317,10791161.6712865,0.0,2626470.48435867,1494403975.66493 
 01/10  07:00:00,1390893765.3851,266156766.756721,97164660.5859424,107999965.722647,54310713.0087392,6419628.86058959,0.0,258365.381039773,1390893765.3851 
 01/10  08:00:00,1044109704.9826,245672511.865273,97164660.5859424,107999965.722647,32299681.6768563,7230017.92979514,0.0,965454.89249017,1044109704.9826 
 01/10  09:00:00,506039516.011168,229563802.93909,97164660.5859424,107999965.722647,18545777.3090018,5853399.32149935,0.0,0.0,506039516.011168 
 01/10  10:00:00,292537003.858784,232193084.698432,97164660.5859424,107999965.722647,17065187.2153664,7029563.48349273,0.0,2892738.37351932,292537003.858784 
 01/10  11:00:00,197875219.598899,228528207.155128,97164660.5859424,107999965.722647,17446339.2329176,3471660.12036526,0.0,2410930.44363522,197875219.598899 
 01/10  12:00:00,130715291.482537,223439530.440953,97164660.5859424,107999965.722647,18129323.9512992,145580.181064762,0.0,0.0,130715291.482537 
 01/10  13:00:00,67307376.0260248,223542729.958491,97164660.5859424,107999965.722647,18304846.3454593,73257.3044423951,0.0,0.0,67307376.0260248 
 01/10  14:00:00,15589195.4654121,223635480.408052,97164660.5859424,107999965.722647,18453900.5379728,16953.5614899446,0.0,0.0,15589195.4654121 
 01/10  15:00:00,13632.0708989996,223718903.762496,97164660.5859424,107999965.722647,18554263.0026796,14.451227369848,0.0,0.0,13632.0708989996 
 01/10  16:00:00,0.0,259896134.468558,97164660.5859424,107999965.722647,18449952.8354392,20629672.4254732,0.0,15425407.4492603,0.0 
 01/10  17:00:00,115256.641985555,241670537.601577,97164660.5859424,107999965.722647,18352710.8437877,10315341.1922516,0.0,7722126.62809053,115256.641985555 
 01/10  18:00:00,0.0,250369677.735032,97164660.5859424,107999965.722647,17993921.3591311,15472181.7680469,0.0,11567204.7412469,0.0 
 01/10  19:00:00,30934055.6792938,56852875.9546237,21592146.7968761,18359994.17285,16261503.4582693,378452.208056301,0.0,256979.202180712,30934055.6792938 
 01/10  20:00:00,0.0,39952140.969726,21592146.7968761,18359994.17285,0.0,0.0,0.0,0.0,0.0 
 01/10  21:00:00,0.0,39952140.969726,21592146.7968761,18359994.17285,0.0,0.0,0.0,0.0,0.0 
 01/10  22:00:00,0.0,39952140.969726,21592146.7968761,18359994.17285,0.0,0.0,0.0,0.0,0.0 
 01/10  23:00:00,0.0,39952140.969726,21592146.7968761,18359994.17285,0.0,0.0,0.0,0.0,0.0 
 01/10  24:00:00,0.0,39952140.969726,21592146.7968761,18359994.17285,0.0,0.0,0.0,0.0,0.0 
 01/11  01:00:00,0.0,39952140.969726,21592146.7968761,18359994.17285,0.0,0.0,0.0,0.0,0.0 
 01/11  02:00:00,0.0,39952140.969726,21592146.7968761,18359994.17285,0.0,0.0,0.0,0.0,0.0 
 01/11  03:00:00,0.0,39952140.969726,21592146.7968761,18359994.17285,0.0,0.0,0.0,0.0,0.0 
 01/11  04:00:00,0.0,39952140.969726,21592146.7968761,18359994.17285,0.0,0.0,0.0,0.0,0.0 
 01/11  05:00:00,0.0,39952140.969726,21592146.7968761,18359994.17285,0.0,0.0,0.0,0.0,0.0 
 01/11  06:00:00,1477143641.17893,106530371.142511,21592146.7968761,18359994.17285,53357611.5351156,10559395.8413394,0.0,2619366.22546278,1477143641.17893 
 01/11  07:00:00,1376194736.82161,267337630.732559,97164660.5859424,107999965.722647,54302910.6069114,7084537.09835653,0.0,774751.89434027,1376194736.82161 
 01/11  08:00:00,997134802.977308,251540614.776368,97164660.5859424,107999965.722647,31295420.0866175,11077011.0171512,0.0,3946900.29447613,997134802.977308 
 01/11  09:00:00,486284164.554405,256705138.63502,97164660.5859424,107999965.722647,18347861.6970493,21316254.8559577,0.0,11709252.5018478,486284164.554405 
 01/11  10:00:00,289939001.278238,243593858.590459,97164660.5859424,107999965.722647,17092123.7288588,13473280.0677352,0.0,7754478.842477,289939001.278238 
 01/11  11:00:00,207584815.603177,223801970.394634,97164660.5859424,107999965.722647,17238198.4218496,910616.570436142,0.0,481833.620287463,207584815.603177 
 01/11  12:00:00,155664002.606021,226706328.182769,97164660.5859424,107999965.722647,18416038.7754957,1853891.44559097,0.0,1254048.11549926,155664002.606021 
 01/11  13:00:00,102823785.935494,224715861.312173,97164660.5859424,107999965.722647,19438641.4363941,112593.567189737,0.0,0.0,102823785.935494 
 01/11  14:00:00,30169950.0399614,227345433.696052,97164660.5859424,107999965.722647,19880229.5499116,1322177.02196625,0.0,964278.12753352,30169950.0399614 
 01/11  15:00:00,13964.1744218956,243213628.067526,97164660.5859424,107999965.722647,19894930.4323963,10315333.732297,0.0,7724903.17714881,13964.1744218956 
 01/11  16:00:00,0.0,260911380.772596,97164660.5859424,107999965.722647,19452578.7962335,20630003.8708509,0.0,15433860.6694178,0.0 
 01/11  17:00:00,0.0,233272902.373593,97164660.5859424,107999965.722647,19029306.965865,5157701.51989632,0.0,3863440.96407635,0.0 
 01/11  18:00:00,0.0,232432934.82517,97164660.5859424,107999965.722647,18197100.0288421,5157489.26434661,0.0,3858080.49192274,0.0 
 01/11  19:00:00,10589338.4513718,57395248.6804865,21592146.7968761,18359994.17285,16297312.0107116,657142.084971602,0.0,481744.430891971,10589338.4513718 
 01/11  20:00:00,0.0,39952140.969726,21592146.7968761,18359994.17285,0.0,0.0,0.0,0.0,0.0 
 01/11  21:00:00,0.0,39952140.969726,21592146.7968761,18359994.17285,0.0,0.0,0.0,0.0,0.0 
 01/11  22:00:00,0.0,39952140.969726,21592146.7968761,18359994.17285,0.0,0.0,0.0,0.0,0.0 
 01/11  23:00:00,0.0,39952140.969726,21592146.7968761,18359994.17285,0.0,0.0,0.0,0.0,0.0 
 01/11  24:00:00,0.0,39952140.969726,21592146.7968761,18359994.17285,0.0,0.0,0.0,0.0,0.0 
 01/12  01:00:00,0.0,39952140.969726,21592146.7968761,18359994.17285,0.0,0.0,0.0,0.0,0.0 
 01/12  02:00:00,0.0,39952140.969726,21592146.7968761,18359994.17285,0.0,0.0,0.0,0.0,0.0 
 01/12  03:00:00,0.0,39952140.969726,21592146.7968761,18359994.17285,0.0,0.0,0.0,0.0,0.0 
 01/12  04:00:00,0.0,39952140.969726,21592146.7968761,18359994.17285,0.0,0.0,0.0,0.0,0.0 
 01/12  05:00:00,0.0,39952140.969726,21592146.7968761,18359994.17285,0.0,0.0,0.0,0.0,0.0 
 01/12  06:00:00,1498333246.46508,107248701.367136,21592146.7968761,18359994.17285,53803674.4486496,10824199.0631218,0.0,2628592.8092475,1498333246.46508 
 01/12  07:00:00,1394355724.03622,267489871.026588,97164660.5859424,107999965.722647,54424665.189229,7116976.8126738,0.0,773588.884092867,1394355724.03622 
 01/12  08:00:00,1047489188.92125,245808474.759899,97164660.5859424,107999965.722647,32435894.1286126,7229670.7865572,0.0,965512.235772785,1047489188.92125 
 01/12  09:00:00,510038024.734116,229608900.132714,97164660.5859424,107999965.722647,18589931.4704593,5854342.35366532,0.0,0.0,510038024.734116 
 01/12  10:00:00,297153327.112673,230496397.54378,97164660.5859424,107999965.722647,17612773.3176608,5761317.66667497,0.0,1929995.80978358,297153327.112673 
 01/12  11:00:00,201133844.351114,224327214.250997,97164660.5859424,107999965.722647,18907926.42508,254661.517327585,0.0,0.0,201133844.351114 
 01/12  12:00:00,135522306.201566,224880534.393609,97164660.5859424,107999965.722647,19564473.4732816,151434.611737972,0.0,0.0,135522306.201566 
 01/12  13:00:00,77739318.9708837,225579682.824173,97164660.5859424,107999965.722647,20330383.3912425,84673.1243408346,0.0,0.0,77739318.9708837 
 01/12  14:00:00,14424956.0706499,226045576.440833,97164660.5859424,107999965.722647,20865260.5542386,15689.5780051527,0.0,0.0,14424956.0706499 
 01/12  15:00:00,20060.9904562676,226653949.778757,97164660.5859424,107999965.722647,21489302.1128342,21.3573340820634,0.0,0.0,20060.9904562676 
 01/12  16:00:00,7568.48960760136,236946979.887647,97164660.5859424,107999965.722647,21484245.4560055,5845759.33432476,0.0,4387780.51466552,7568.48960760136 
 01/12  17:00:00,0.0,261614910.287022,97164660.5859424,107999965.722647,20092453.8271239,20632552.9250404,0.0,15498086.329581,0.0 
 01/12  18:00:00,0.0,232816482.856938,97164660.5859424,107999965.722647,18575611.2482814,5157647.77461087,0.0,3861999.18265954,0.0 
 01/12  19:00:00,4298068.39005404,56304455.1204837,21592146.7968761,18359994.17285,16347544.4338289,4769.71692871021,0.0,0.0,4298068.39005404 
 01/12  20:00:00,0.0,39952140.969726,21592146.7968761,18359994.17285,0.0,0.0,0.0,0.0,0.0 
 01/12  21:00:00,0.0,39952140.969726,21592146.7968761,18359994.17285,0.0,0.0,0.0,0.0,0.0 
 01/12  22:00:00,0.0,39952140.969726,21592146.7968761,18359994.17285,0.0,0.0,0.0,0.0,0.0 
 01/12  23:00:00,0.0,39952140.969726,21592146.7968761,18359994.17285,0.0,0.0,0.0,0.0,0.0 
 01/12  24:00:00,0.0,39952140.969726,21592146.7968761,18359994.17285,0.0,0.0,0.0,0.0,0.0 
 01/13  01:00:00,0.0,39952140.969726,21592146.7968761,18359994.17285,0.0,0.0,0.0,0.0,0.0 
 01/13  02:00:00,0.0,39952140.969726,21592146.7968761,18359994.17285,0.0,0.0,0.0,0.0,0.0 
 01/13  03:00:00,0.0,39952140.969726,21592146.7968761,18359994.17285,0.0,0.0,0.0,0.0,0.0 
 01/13  04:00:00,0.0,39952140.969726,21592146.7968761,18359994.17285,0.0,0.0,0.0,0.0,0.0 
 01/13  05:00:00,0.0,39952140.969726,21592146.7968761,18359994.17285,0.0,0.0,0.0,0.0,0.0 
 01/13  06:00:00,1442162631.79649,104421756.365511,21592146.7968761,18359994.17285,52520666.5342747,9800852.07345524,0.0,2113320.44067532,1442162631.79649 
 01/13  07:00:00,1375549926.90606,267633064.843754,97164660.5859424,107999965.722647,54598568.2765305,7084372.63926975,0.0,775126.98533016,1375549926.90606 
 01/13  08:00:00,905591219.76284,250149313.70886,97164660.5859424,107999965.722647,25370782.2797718,13665805.0150324,0.0,5866760.08455641,905591219.76284 
 01/13  09:00:00,450040807.00898,229139167.339823,97164660.5859424,107999965.722647,18141475.9922773,5833065.03895654,0.0,0.0,450040807.00898 
 01/13  10:00:00,269329617.447228,230579909.80546,97164660.5859424,107999965.722647,17927374.097503,5042632.06821967,0.0,2410384.64520857,269329617.447228 
 01/13  11:00:00,183203233.849636,224492688.789563,97164660.5859424,107999965.722647,19107454.2061533,220608.274820521,0.0,0.0,183203233.849636 
 01/13  12:00:00,118903117.545602,225107739.657173,97164660.5859424,107999965.722647,19811877.6886839,131235.659899505,0.0,0.0,118903117.545602 
 01/13  13:00:00,59754687.5434604,225382635.054883,97164660.5859424,107999965.722647,20152998.6070218,65010.1392722406,0.0,0.0,59754687.5434604 
 01/13  14:00:00,7785410.84301127,238907158.132784,97164660.5859424,107999965.722647,20109484.5259058,7745621.67907911,0.0,5797291.34503089,7785410.84301127 
 01/13  15:00:00,37004.4715485866,242825877.191783,97164660.5859424,107999965.722647,19488296.0557957,10316689.0286642,0.0,7735465.38296146,37004.4715485866 
 01/13  16:00:00,17460.2073158081,224710945.087002,97164660.5859424,107999965.722647,19546300.2351564,18.5432567876642,0.0,0.0,17460.2073158081 
 01/13  17:00:00,15996.5729609395,224670909.891182,97164660.5859424,107999965.722647,19506266.5918875,16.9907053620216,0.0,0.0,15996.5729609395 
 01/13  18:00:00,0.0,232594961.256162,97164660.5859424,107999965.722647,18353507.3619087,5157707.77837486,0.0,3859425.35849228,0.0 
 01/13  19:00:00,7139260.87853558,56894188.8099476,21592146.7968761,18359994.17285,16329182.6653717,351796.470003204,0.0,257105.126457695,7139260.87853558 
 01/13  20:00:00,0.0,39952140.969726,21592146.7968761,18359994.17285,0.0,0.0,0.0,0.0,0.0 
 01/13  21:00:00,0.0,39952140.969726,21592146.7968761,18359994.17285,0.0,0.0,0.0,0.0,0.0 
 01/13  22:00:00,0.0,39952140.969726,21592146.7968761,18359994.17285,0.0,0.0,0.0,0.0,0.0 
 01/13  23:00:00,0.0,39952140.969726,21592146.7968761,18359994.17285,0.0,0.0,0.0,0.0,0.0 
 01/13  24:00:00,0.0,39952140.969726,21592146.7968761,18359994.17285,0.0,0.0,0.0,0.0,0.0 
 01/14  01:00:00,0.0,39952140.969726,21592146.7968761,18359994.17285,0.0,0.0,0.0,0.0,0.0 
 01/14  02:00:00,0.0,39952140.969726,21592146.7968761,18359994.17285,0.0,0.0,0.0,0.0,0.0 
 01/14  03:00:00,0.0,39952140.969726,21592146.7968761,18359994.17285,0.0,0.0,0.0,0.0,0.0 
 01/14  04:00:00,0.0,39952140.969726,21592146.7968761,18359994.17285,0.0,0.0,0.0,0.0,0.0 
 01/14  05:00:00,0.0,39952140.969726,21592146.7968761,18359994.17285,0.0,0.0,0.0,0.0,0.0 
 01/14  06:00:00,0.0,39952140.969726,21592146.7968761,18359994.17285,0.0,0.0,0.0,0.0,0.0 
 01/14  07:00:00,1451718484.29163,105979831.825782,21592146.7968761,18359994.17285,52845473.4772578,10514734.4614464,0.0,2625734.02994279,1451718484.29163 
 01/14  08:00:00,1452815006.7161,100558278.077267,21592146.7968761,18359994.17285,53837076.1397335,6769060.9678076,0.0,0.0,1452815006.7161 
 01/14  09:00:00,1136607445.76009,96483043.4614593,21592146.7968761,18359994.17285,32109838.8499465,16393714.6584802,0.0,7912252.5634278,1136607445.76009 
 01/14  10:00:00,643478804.592725,100998727.981752,21592146.7968761,18359994.17285,18563603.9522385,26615272.6736026,0.0,15641162.661045,643478804.592725 
 01/14  11:00:00,443116985.812545,90117485.4990756,21592146.7968761,18359994.17285,16930908.2916226,21423958.0718836,0.0,11641314.807667,443116985.812545 
 01/14  12:00:00,361203743.976985,80316025.5091382,21592146.7968761,18359994.17285,16249107.2707247,16262640.7369203,0.0,7740211.83871034,361203743.976985 
 01/14  13:00:00,318135288.45852,59379939.8374956,21592146.7968761,18359994.17285,16430096.8126289,2214870.3933404,0.0,771465.933125992,318135288.45852 
 01/14  14:00:00,0.0,39952140.969726,21592146.7968761,18359994.17285,0.0,0.0,0.0,0.0,0.0 
 01/14  15:00:00,0.0,39952140.969726,21592146.7968761,18359994.17285,0.0,0.0,0.0,0.0,0.0 
 01/14  16:00:00,0.0,39952140.969726,21592146.7968761,18359994.17285,0.0,0.0,0.0,0.0,0.0 
 01/14  17:00:00,0.0,39952140.969726,21592146.7968761,18359994.17285,0.0,0.0,0.0,0.0,0.0 
 01/14  18:00:00,0.0,39952140.969726,21592146.7968761,18359994.17285,0.0,0.0,0.0,0.0,0.0 
 01/14  19:00:00,0.0,39952140.969726,21592146.7968761,18359994.17285,0.0,0.0,0.0,0.0,0.0 
 01/14  20:00:00,0.0,39952140.969726,21592146.7968761,18359994.17285,0.0,0.0,0.0,0.0,0.0 
 01/14  21:00:00,0.0,39952140.969726,21592146.7968761,18359994.17285,0.0,0.0,0.0,0.0,0.0 
 01/14  22:00:00,0.0,39952140.969726,21592146.7968761,18359994.17285,0.0,0.0,0.0,0.0,0.0 
 01/14  23:00:00,0.0,39952140.969726,21592146.7968761,18359994.17285,0.0,0.0,0.0,0.0,0.0 
 01/14  24:00:00,0.0,39952140.969726,21592146.7968761,18359994.17285,0.0,0.0,0.0,0.0,0.0 
 01/15  01:00:00,0.0,39952140.969726,21592146.7968761,18359994.17285,0.0,0.0,0.0,0.0,0.0 
 01/15  02:00:00,0.0,39952140.969726,21592146.7968761,18359994.17285,0.0,0.0,0.0,0.0,0.0 
 01/15  03:00:00,0.0,39952140.969726,21592146.7968761,18359994.17285,0.0,0.0,0.0,0.0,0.0 
 01/15  04:00:00,0.0,39952140.969726,21592146.7968761,18359994.17285,0.0,0.0,0.0,0.0,0.0 
 01/15  05:00:00,0.0,39952140.969726,21592146.7968761,18359994.17285,0.0,0.0,0.0,0.0,0.0 
 01/15  06:00:00,0.0,39952140.969726,21592146.7968761,18359994.17285,0.0,0.0,0.0,0.0,0.0 
 01/15  07:00:00,1512598519.94963,107000480.454548,21592146.7968761,18359994.17285,54726784.6611524,10145787.446342,0.0,2138991.76384676,1512598519.94963 
 01/15  08:00:00,1467928352.79596,100583712.260845,21592146.7968761,18359994.17285,53919049.5130435,6712521.77807525,0.0,0.0,1467928352.79596 
 01/15  09:00:00,1197768965.05905,87131412.35148,21592146.7968761,18359994.17285,38859383.5830015,7341552.82601883,0.0,964187.947421562,1197768965.05905 
 01/15  10:00:00,639989427.570116,64744845.8056254,21592146.7968761,18359994.17285,18850326.4987617,5942378.33713767,0.0,0.0,639989427.570116 
 01/15  11:00:00,427715079.052791,71031205.2996352,21592146.7968761,18359994.17285,17211592.0943857,10440773.4966094,0.0,3374318.78809254,427715079.052791 
 01/15  12:00:00,322468146.658743,79985360.9959191,21592146.7968761,18359994.17285,17091191.696058,14938982.2664146,0.0,7874310.48220275,322468146.658743 
 01/15  13:00:00,267159106.462666,97941552.2301964,21592146.7968761,18359994.17285,17363871.3499468,21237004.4640814,0.0,18993892.7628376,267159106.462666 
 01/15  14:00:00,0.0,39952140.969726,21592146.7968761,18359994.17285,0.0,0.0,0.0,0.0,0.0 
 01/15  15:00:00,0.0,39952140.969726,21592146.7968761,18359994.17285,0.0,0.0,0.0,0.0,0.0 
 01/15  16:00:00,0.0,39952140.969726,21592146.7968761,18359994.17285,0.0,0.0,0.0,0.0,0.0 
 01/15  17:00:00,0.0,39952140.969726,21592146.7968761,18359994.17285,0.0,0.0,0.0,0.0,0.0 
 01/15  18:00:00,0.0,39952140.969726,21592146.7968761,18359994.17285,0.0,0.0,0.0,0.0,0.0 
 01/15  19:00:00,0.0,39952140.969726,21592146.7968761,18359994.17285,0.0,0.0,0.0,0.0,0.0 
 01/15  20:00:00,0.0,39952140.969726,21592146.7968761,18359994.17285,0.0,0.0,0.0,0.0,0.0 
 01/15  21:00:00,0.0,39952140.969726,21592146.7968761,18359994.17285,0.0,0.0,0.0,0.0,0.0 
 01/15  22:00:00,0.0,39952140.969726,21592146.7968761,18359994.17285,0.0,0.0,0.0,0.0,0.0 
 01/15  23:00:00,0.0,39952140.969726,21592146.7968761,18359994.17285,0.0,0.0,0.0,0.0,0.0 
 01/15  24:00:00,0.0,39952140.969726,21592146.7968761,18359994.17285,0.0,0.0,0.0,0.0,0.0 
 01/16  01:00:00,0.0,39952140.969726,21592146.7968761,18359994.17285,0.0,0.0,0.0,0.0,0.0 
 01/16  02:00:00,0.0,39952140.969726,21592146.7968761,18359994.17285,0.0,0.0,0.0,0.0,0.0 
 01/16  03:00:00,0.0,39952140.969726,21592146.7968761,18359994.17285,0.0,0.0,0.0,0.0,0.0 
 01/16  04:00:00,0.0,39952140.969726,21592146.7968761,18359994.17285,0.0,0.0,0.0,0.0,0.0 
 01/16  05:00:00,0.0,39952140.969726,21592146.7968761,18359994.17285,0.0,0.0,0.0,0.0,0.0 
 01/16  06:00:00,1343365084.21898,100443333.405471,21592146.7968761,18359994.17285,49084465.6493166,9494802.00282566,0.0,1884453.55972938,1343365084.21898 
 01/16  07:00:00,1301726371.15393,260290438.120355,97164660.5859424,107999965.722647,48572412.1076273,6290185.86051334,0.0,259651.971209703,1301726371.15393 
 01/16  08:00:00,721983010.084318,234354829.918752,97164660.5859424,107999965.722647,21041609.5083166,7170146.30856501,0.0,965785.580892052,721983010.084318 
 01/16  09:00:00,385518505.478798,232458938.754266,97164660.5859424,107999965.722647,18061926.7073453,7764254.70046628,0.0,1448353.61915222,385518505.478798 
 01/16  10:00:00,239649671.515167,228364271.691052,97164660.5859424,107999965.722647,19389364.9500124,2344155.123716,0.0,1446135.58412578,239649671.515167 
 01/16  11:00:00,156337009.489835,226120773.459474,97164660.5859424,107999965.722647,20776313.0901522,179834.060732671,0.0,0.0,156337009.489835 
 01/16  12:00:00,84277818.5451837,263665165.648589,97164660.5859424,107999965.722647,21150216.0925464,20756259.2520446,0.0,16337693.4700871,84277818.5451837 
 01/16  13:00:00,25683740.2362906,264841370.640824,97164660.5859424,107999965.722647,21501261.3192725,20722792.4559449,0.0,17163335.7244381,25683740.2362906 
 01/16  14:00:00,0.0,267338942.99431,97164660.5859424,107999965.722647,22067232.227377,20756195.2214735,0.0,18985708.3512087,0.0 
 01/16  15:00:00,0.0,271641105.210595,97164660.5859424,107999965.722647,22894341.013658,20854787.8376417,0.0,22238177.5050478,0.0 
 01/16  16:00:00,0.0,270879775.546468,97164660.5859424,107999965.722647,22953768.2049936,20833107.9741734,0.0,21473525.4982937,0.0 
 01/16  17:00:00,0.0,263572131.928893,97164660.5859424,107999965.722647,21229645.8209451,20660773.2221631,0.0,16261703.8510379,0.0 
 01/16  18:00:00,0.0,233233448.401125,97164660.5859424,107999965.722647,18990840.5605556,5157771.45879046,0.0,3865105.57801531,0.0 
 01/16  19:00:00,1396187.53547999,56969207.646408,21592146.7968761,18359994.17285,16410801.1912456,345356.982681881,0.0,257269.930337653,1396187.53547999 
 01/16  20:00:00,0.0,39952140.969726,21592146.7968761,18359994.17285,0.0,0.0,0.0,0.0,0.0 
 01/16  21:00:00,0.0,39952140.969726,21592146.7968761,18359994.17285,0.0,0.0,0.0,0.0,0.0 
 01/16  22:00:00,0.0,39952140.969726,21592146.7968761,18359994.17285,0.0,0.0,0.0,0.0,0.0 
 01/16  23:00:00,0.0,39952140.969726,21592146.7968761,18359994.17285,0.0,0.0,0.0,0.0,0.0 
 01/16  24:00:00,0.0,39952140.969726,21592146.7968761,18359994.17285,0.0,0.0,0.0,0.0,0.0 
 01/17  01:00:00,0.0,39952140.969726,21592146.7968761,18359994.17285,0.0,0.0,0.0,0.0,0.0 
 01/17  02:00:00,0.0,39952140.969726,21592146.7968761,18359994.17285,0.0,0.0,0.0,0.0,0.0 
 01/17  03:00:00,0.0,39952140.969726,21592146.7968761,18359994.17285,0.0,0.0,0.0,0.0,0.0 
 01/17  04:00:00,0.0,39952140.969726,21592146.7968761,18359994.17285,0.0,0.0,0.0,0.0,0.0 
 01/17  05:00:00,0.0,39952140.969726,21592146.7968761,18359994.17285,0.0,0.0,0.0,0.0,0.0 
 01/17  06:00:00,1349925977.38238,100528429.874127,21592146.7968761,18359994.17285,49095659.1692724,9567115.78186821,0.0,1886413.67597877,1349925977.38238 
 01/17  07:00:00,1302788784.12514,262153362.419152,97164660.5859424,107999965.722647,48694641.3356557,7281683.43727226,0.0,999323.355710113,1302788784.12514 
 01/17  08:00:00,723281387.000036,234383408.87194,97164660.5859424,107999965.722647,21065309.7260854,7175142.71713286,0.0,965716.472706724,723281387.000036 
 01/17  09:00:00,389794211.43017,232515105.60551,97164660.5859424,107999965.722647,18115752.5108096,7765614.10354701,0.0,1449889.975948,389794211.43017 
 01/17  10:00:00,243632346.141759,225781603.933599,97164660.5859424,107999965.722647,19044735.4280014,1083254.234068,0.0,482491.30698875,243632346.141759 
 01/17  11:00:00,162165390.57326,225761967.315934,97164660.5859424,107999965.722647,20409284.183084,188056.824260981,0.0,0.0,162165390.57326 
 01/17  12:00:00,92117308.1998475,226227709.910084,97164660.5859424,107999965.722647,20962432.5311711,100651.070323562,0.0,0.0,92117308.1998475 
 01/17  13:00:00,30602803.3087038,228874841.748009,97164660.5859424,107999965.722647,21410219.1611116,1322628.29548632,0.0,963886.215064781,30602803.3087038 
 01/17  14:00:00,1197846.19986001,266362708.184616,97164660.5859424,107999965.722647,22065645.6708496,20726395.9545589,0.0,18090653.8652848,1197846.19986001 
 01/17  15:00:00,0.0,271792175.745624,97164660.5859424,107999965.722647,23018656.7571597,20856194.5059849,0.0,22281356.9160263,0.0 
 01/17  16:00:00,0.0,268739915.452666,97164660.5859424,107999965.722647,22909857.2299951,20771998.9127277,0.0,19521426.3087974,0.0 
 01/17  17:00:00,0.0,262650989.563817,97164660.5859424,107999965.722647,21120327.5861365,20632978.1091178,0.0,15509433.4986146,0.0 
 01/17  18:00:00,0.0,233221563.714787,97164660.5859424,107999965.722647,18978439.2494142,5157827.96330956,0.0,3866499.36688054,0.0 
 01/17  19:00:00,2466964.71572919,56995692.2203856,21592146.7968761,18359994.17285,16436146.2568828,346548.899541785,0.0,257208.062112802,2466964.71572919 
 01/17  20:00:00,0.0,39952140.969726,21592146.7968761,18359994.17285,0.0,0.0,0.0,0.0,0.0 
 01/17  21:00:00,0.0,39952140.969726,21592146.7968761,18359994.17285,0.0,0.0,0.0,0.0,0.0 
 01/17  22:00:00,0.0,39952140.969726,21592146.7968761,18359994.17285,0.0,0.0,0.0,0.0,0.0 
 01/17  23:00:00,0.0,39952140.969726,21592146.7968761,18359994.17285,0.0,0.0,0.0,0.0,0.0 
 01/17  24:00:00,0.0,39952140.969726,21592146.7968761,18359994.17285,0.0,0.0,0.0,0.0,0.0 
 01/18  01:00:00,0.0,39952140.969726,21592146.7968761,18359994.17285,0.0,0.0,0.0,0.0,0.0 
 01/18  02:00:00,0.0,39952140.969726,21592146.7968761,18359994.17285,0.0,0.0,0.0,0.0,0.0 
 01/18  03:00:00,0.0,39952140.969726,21592146.7968761,18359994.17285,0.0,0.0,0.0,0.0,0.0 
 01/18  04:00:00,0.0,39952140.969726,21592146.7968761,18359994.17285,0.0,0.0,0.0,0.0,0.0 
 01/18  05:00:00,0.0,39952140.969726,21592146.7968761,18359994.17285,0.0,0.0,0.0,0.0,0.0 
 01/18  06:00:00,1473429066.91695,105955484.054926,21592146.7968761,18359994.17285,53277006.1575942,10309040.0560972,0.0,2380585.44008269,1473429066.91695 
 01/18  07:00:00,1387086796.68321,267030086.031178,97164660.5859424,107999965.722647,54583471.3550192,6757975.05942953,0.0,517401.372312173,1387086796.68321 
 01/18  08:00:00,995385932.491002,248081687.866096,97164660.5859424,107999965.722647,31320670.7442135,9154427.47816074,0.0,2410781.83034085,995385932.491002 
 01/18  09:00:00,485243421.341349,231809195.570748,97164660.5859424,107999965.722647,18523490.2143104,7143377.46299181,0.0,964733.771808052,485243421.341349 
 01/18  10:00:00,285931955.774107,229257500.34055,97164660.5859424,107999965.722647,18686209.7995629,4429761.55666507,0.0,963872.137234161,285931955.774107 
 01/18  11:00:00,195284632.543572,225312072.396769,97164660.5859424,107999965.722647,19904736.6300281,242709.458151835,0.0,0.0,195284632.543572 
 01/18  12:00:00,134929424.661125,225732405.202211,97164660.5859424,107999965.722647,20417156.8245641,150622.069057265,0.0,0.0,134929424.661125 
 01/18  13:00:00,81161910.7732118,226035305.524212,97164660.5859424,107999965.722647,20782252.4225993,88426.7930232462,0.0,0.0,81161910.7732118 
 01/18  14:00:00,17549043.1972246,228630254.940609,97164660.5859424,107999965.722647,21179385.8188265,1308430.44885117,0.0,963818.759311149,17549043.1972246 
 01/18  15:00:00,54401.4658860883,229488892.246704,97164660.5859424,107999965.722647,21902771.0002852,1375466.77559335,0.0,1030867.56695184,54401.4658860883 
 01/18  16:00:00,3907.54131295677,237005598.822259,97164660.5859424,107999965.722647,22156223.8243048,5501638.05909055,0.0,4123415.10894456,3907.54131295677 
 01/18  17:00:00,0.0,262334581.436311,97164660.5859424,107999965.722647,20802340.0831345,20632768.6990884,0.0,15503965.4874347,0.0 
 01/18  18:00:00,0.0,223855451.345254,97164660.5859424,107999965.722647,18690825.0366648,0.0,0.0,0.0,0.0 
 01/18  19:00:00,4463941.45973827,56335378.1571496,21592146.7968761,18359994.17285,16378153.7631726,5083.4242509733,0.0,0.0,4463941.45973827 
 01/18  20:00:00,0.0,39952140.969726,21592146.7968761,18359994.17285,0.0,0.0,0.0,0.0,0.0 
 01/18  21:00:00,0.0,39952140.969726,21592146.7968761,18359994.17285,0.0,0.0,0.0,0.0,0.0 
 01/18  22:00:00,0.0,39952140.969726,21592146.7968761,18359994.17285,0.0,0.0,0.0,0.0,0.0 
 01/18  23:00:00,0.0,39952140.969726,21592146.7968761,18359994.17285,0.0,0.0,0.0,0.0,0.0 
 01/18  24:00:00,0.0,39952140.969726,21592146.7968761,18359994.17285,0.0,0.0,0.0,0.0,0.0 
 01/19  01:00:00,0.0,39952140.969726,21592146.7968761,18359994.17285,0.0,0.0,0.0,0.0,0.0 
 01/19  02:00:00,0.0,39952140.969726,21592146.7968761,18359994.17285,0.0,0.0,0.0,0.0,0.0 
 01/19  03:00:00,0.0,39952140.969726,21592146.7968761,18359994.17285,0.0,0.0,0.0,0.0,0.0 
 01/19  04:00:00,0.0,39952140.969726,21592146.7968761,18359994.17285,0.0,0.0,0.0,0.0,0.0 
 01/19  05:00:00,0.0,39952140.969726,21592146.7968761,18359994.17285,0.0,0.0,0.0,0.0,0.0 
 01/19  06:00:00,1401060758.55562,103553355.547515,21592146.7968761,18359994.17285,50642752.7286225,10442132.802011,0.0,2479205.01202804,1401060758.55562 
 01/19  07:00:00,1366307420.5128,266310601.589011,97164660.5859424,107999965.722647,54571611.5379021,6310811.84000054,0.0,260039.441486736,1366307420.5128 
 01/19  08:00:00,833630280.983177,247718114.897926,97164660.5859424,107999965.722647,22920463.3758058,13667262.520972,0.0,5885566.37974365,833630280.983177 
 01/19  09:00:00,433532097.78574,231353558.656147,97164660.5859424,107999965.722647,18088066.0836967,7123922.69441756,0.0,964250.932554706,433532097.78574 
 01/19  10:00:00,263705356.023179,228398094.28631,97164660.5859424,107999965.722647,18048211.5724886,3719780.31573296,0.0,1446374.53852051,263705356.023179 
 01/19  11:00:00,180654514.978237,224730746.251212,97164660.5859424,107999965.722647,19349572.3539205,216547.588702316,0.0,0.0,180654514.978237 
 01/19  12:00:00,120174075.999771,225429782.91221,97164660.5859424,107999965.722647,20132436.7555364,132719.848083973,0.0,0.0,120174075.999771 
 01/19  13:00:00,63279195.9537304,225838500.988834,97164660.5859424,107999965.722647,20605025.7034586,68848.9767856912,0.0,0.0,63279195.9537304 
 01/19  14:00:00,8699141.34457167,228447834.379181,97164660.5859424,107999965.722647,21007671.3658401,1298803.00380556,0.0,963774.998325558,8699141.34457167 
 01/19  15:00:00,0.0,226749663.1692,97164660.5859424,107999965.722647,21585036.860611,0.0,0.0,0.0,0.0 
 01/19  16:00:00,0.0,236998022.051064,97164660.5859424,107999965.722647,21541412.2570605,5845683.63890734,0.0,4386069.68055664,0.0 
 01/19  17:00:00,0.0,261680162.288518,97164660.5859424,107999965.722647,20176280.6673142,20632135.5232198,0.0,15487656.4953509,0.0 
 01/19  18:00:00,0.0,223748513.222836,97164660.5859424,107999965.722647,18583886.9142469,0.0,0.0,0.0,0.0 
 01/19  19:00:00,5170229.92962728,56329471.6931394,21592146.7968761,18359994.17285,16371475.1933372,5855.53007607847,0.0,0.0,5170229.92962728 
 01/19  20:00:00,0.0,39952140.969726,21592146.7968761,18359994.17285,0.0,0.0,0.0,0.0,0.0 
 01/19  21:00:00,0.0,39952140.969726,21592146.7968761,18359994.17285,0.0,0.0,0.0,0.0,0.0 
 01/19  22:00:00,0.0,39952140.969726,21592146.7968761,18359994.17285,0.0,0.0,0.0,0.0,0.0 
 01/19  23:00:00,0.0,39952140.969726,21592146.7968761,18359994.17285,0.0,0.0,0.0,0.0,0.0 
 01/19  24:00:00,0.0,39952140.969726,21592146.7968761,18359994.17285,0.0,0.0,0.0,0.0,0.0 
 01/20  01:00:00,0.0,39952140.969726,21592146.7968761,18359994.17285,0.0,0.0,0.0,0.0,0.0 
 01/20  02:00:00,0.0,39952140.969726,21592146.7968761,18359994.17285,0.0,0.0,0.0,0.0,0.0 
 01/20  03:00:00,0.0,39952140.969726,21592146.7968761,18359994.17285,0.0,0.0,0.0,0.0,0.0 
 01/20  04:00:00,0.0,39952140.969726,21592146.7968761,18359994.17285,0.0,0.0,0.0,0.0,0.0 
 01/20  05:00:00,0.0,39952140.969726,21592146.7968761,18359994.17285,0.0,0.0,0.0,0.0,0.0 
 01/20  06:00:00,1497076643.60874,107379914.114157,21592146.7968761,18359994.17285,53897058.6986638,10833123.1606608,0.0,2658118.25958897,1497076643.60874 
 01/20  07:00:00,1396979021.51363,268191412.443771,97164660.5859424,107999965.722647,54586586.8169949,7427335.51569619,0.0,1000355.13976082,1396979021.51363 
 01/20  08:00:00,1043281398.10879,245888937.003132,97164660.5859424,107999965.722647,32523030.0166951,7225118.78494141,0.0,964160.273713664,1043281398.10879 
 01/20  09:00:00,512622413.929766,233203835.960082,97164660.5859424,107999965.722647,18778606.3095944,7792723.05296297,0.0,1448829.48984987,512622413.929766 
 01/20  10:00:00,299546537.216928,231824201.385227,97164660.5859424,107999965.722647,18930632.0531853,5775096.86719093,0.0,1928245.75035401,299546537.216928 
 01/20  11:00:00,201634601.251122,225617879.812478,97164660.5859424,107999965.722647,20196616.849149,256636.654740038,0.0,0.0,201634601.251122 
 01/20  12:00:00,133368143.213681,226005118.759236,97164660.5859424,107999965.722647,20691540.8397164,148951.610930845,0.0,0.0,133368143.213681 
 01/20  13:00:00,72323414.9929965,226290530.123156,97164660.5859424,107999965.722647,21047160.1406225,78743.6739441058,0.0,0.0,72323414.9929965 
 01/20  14:00:00,12340633.1806281,229039873.377287,97164660.5859424,107999965.722647,21595365.8928505,1302771.85647585,0.0,963986.85404106,12340633.1806281 
 01/20  15:00:00,40636.9056470354,228367302.0919,97164660.5859424,107999965.722647,22597821.8667099,343883.794526128,0.0,257420.487649798,40636.9056470354 
 01/20  16:00:00,0.0,237186728.448727,97164660.5859424,107999965.722647,22945271.3967643,5157745.76727968,0.0,3864822.90433729,0.0 
 01/20  17:00:00,0.0,253883544.87983,97164660.5859424,107999965.722647,21438950.8976318,15474978.949293,0.0,11638349.5315144,0.0 
 01/20  18:00:00,0.0,223991715.513214,97164660.5859424,107999965.722647,18827089.2046252,0.0,0.0,0.0,0.0 
 01/20  19:00:00,3582032.38266949,56359215.9474182,21592146.7968761,18359994.17285,16403056.1007395,4018.87695273582,0.0,0.0,3582032.38266949 
 01/20  20:00:00,0.0,39952140.969726,21592146.7968761,18359994.17285,0.0,0.0,0.0,0.0,0.0 
 01/20  21:00:00,0.0,39952140.969726,21592146.7968761,18359994.17285,0.0,0.0,0.0,0.0,0.0 
 01/20  22:00:00,0.0,39952140.969726,21592146.7968761,18359994.17285,0.0,0.0,0.0,0.0,0.0 
 01/20  23:00:00,0.0,39952140.969726,21592146.7968761,18359994.17285,0.0,0.0,0.0,0.0,0.0 
 01/20  24:00:00,0.0,39952140.969726,21592146.7968761,18359994.17285,0.0,0.0,0.0,0.0,0.0 
 01/21  01:00:00,0.0,39952140.969726,21592146.7968761,18359994.17285,0.0,0.0,0.0,0.0,0.0 
 01/21  02:00:00,0.0,39952140.969726,21592146.7968761,18359994.17285,0.0,0.0,0.0,0.0,0.0 
 01/21  03:00:00,0.0,39952140.969726,21592146.7968761,18359994.17285,0.0,0.0,0.0,0.0,0.0 
 01/21  04:00:00,0.0,39952140.969726,21592146.7968761,18359994.17285,0.0,0.0,0.0,0.0,0.0 
 01/21  05:00:00,0.0,39952140.969726,21592146.7968761,18359994.17285,0.0,0.0,0.0,0.0,0.0 
 01/21  06:00:00,0.0,39952140.969726,21592146.7968761,18359994.17285,0.0,0.0,0.0,0.0,0.0 
 01/21  07:00:00,1535566573.69784,110031219.926965,21592146.7968761,18359994.17285,55138000.8035008,11767400.4149046,0.0,3129767.12966142,1535566573.69784 
 01/21  08:00:00,1475351538.74689,100967866.954333,21592146.7968761,18359994.17285,54023824.1222199,6991901.86238694,0.0,0.0,1475351538.74689 
 01/21  09:00:00,1237737251.15078,92664078.1912217,21592146.7968761,18359994.17285,39811550.1538374,9969168.34524336,0.0,2893693.36980796,1237737251.15078 
 01/21  10:00:00,674727966.002719,65107256.6658313,21592146.7968761,18359994.17285,19204570.9052787,5950544.79082653,0.0,0.0,674727966.002719 
 01/21  11:00:00,453469442.698743,66548958.8642589,21592146.7968761,18359994.17285,17262270.4024348,7869314.86296346,0.0,1445612.15848482,453469442.698743 
 01/21  12:00:00,349594568.661745,72139187.7250027,21592146.7968761,18359994.17285,17190876.9219786,11086294.4624868,0.0,3858087.99226276,349594568.661745 
 01/21  13:00:00,298159026.915631,57907004.7852357,21592146.7968761,18359994.17285,17143350.8187891,811512.996720509,0.0,0.0,298159026.915631 
 01/21  14:00:00,0.0,39952140.969726,21592146.7968761,18359994.17285,0.0,0.0,0.0,0.0,0.0 
 01/21  15:00:00,0.0,39952140.969726,21592146.7968761,18359994.17285,0.0,0.0,0.0,0.0,0.0 
 01/21  16:00:00,0.0,39952140.969726,21592146.7968761,18359994.17285,0.0,0.0,0.0,0.0,0.0 
 01/21  17:00:00,0.0,39952140.969726,21592146.7968761,18359994.17285,0.0,0.0,0.0,0.0,0.0 
 01/21  18:00:00,0.0,39952140.969726,21592146.7968761,18359994.17285,0.0,0.0,0.0,0.0,0.0 
 01/21  19:00:00,0.0,39952140.969726,21592146.7968761,18359994.17285,0.0,0.0,0.0,0.0,0.0 
 01/21  20:00:00,0.0,39952140.969726,21592146.7968761,18359994.17285,0.0,0.0,0.0,0.0,0.0 
 01/21  21:00:00,0.0,39952140.969726,21592146.7968761,18359994.17285,0.0,0.0,0.0,0.0,0.0 
 01/21  22:00:00,0.0,39952140.969726,21592146.7968761,18359994.17285,0.0,0.0,0.0,0.0,0.0 
 01/21  23:00:00,0.0,39952140.969726,21592146.7968761,18359994.17285,0.0,0.0,0.0,0.0,0.0 
 01/21  24:00:00,0.0,39952140.969726,21592146.7968761,18359994.17285,0.0,0.0,0.0,0.0,0.0 
 01/22  01:00:00,0.0,39952140.969726,21592146.7968761,18359994.17285,0.0,0.0,0.0,0.0,0.0 
 01/22  02:00:00,0.0,39952140.969726,21592146.7968761,18359994.17285,0.0,0.0,0.0,0.0,0.0 
 01/22  03:00:00,0.0,39952140.969726,21592146.7968761,18359994.17285,0.0,0.0,0.0,0.0,0.0 
 01/22  04:00:00,0.0,39952140.969726,21592146.7968761,18359994.17285,0.0,0.0,0.0,0.0,0.0 
 01/22  05:00:00,0.0,39952140.969726,21592146.7968761,18359994.17285,0.0,0.0,0.0,0.0,0.0 
 01/22  06:00:00,0.0,39952140.969726,21592146.7968761,18359994.17285,0.0,0.0,0.0,0.0,0.0 
 01/22  07:00:00,1428631973.14447,103996856.090813,21592146.7968761,18359994.17285,51513044.5430397,10197036.3241116,0.0,2298088.72639675,1428631973.14447 
 01/22  08:00:00,1445431530.31049,100267341.113369,21592146.7968761,18359994.17285,53778943.0651762,6536257.07846697,0.0,0.0,1445431530.31049 
 01/22  09:00:00,1055185385.92506,94719149.2780812,21592146.7968761,18359994.17285,30417130.1031315,16321817.2126398,0.0,7910373.0313948,1055185385.92506 
 01/22  10:00:00,629950261.328402,100683606.782076,21592146.7968761,18359994.17285,18256225.4036148,26635962.7297198,0.0,15606133.3151073,629950261.328402 
 01/22  11:00:00,443094177.834554,80993071.0230079,21592146.7968761,18359994.17285,16896181.5155738,16266880.0112231,0.0,7761843.69578334,443094177.834554 
 01/22  12:00:00,341623057.276072,79148536.5178121,21592146.7968761,18359994.17285,16201517.7465077,15141812.7825901,0.0,7737248.85732497,341623057.276072 
 01/22  13:00:00,288962714.980558,56509904.199157,21592146.7968761,18359994.17285,16010283.3585791,547479.870851951,0.0,0.0,288962714.980558 
 01/22  14:00:00,0.0,39952140.969726,21592146.7968761,18359994.17285,0.0,0.0,0.0,0.0,0.0 
 01/22  15:00:00,0.0,39952140.969726,21592146.7968761,18359994.17285,0.0,0.0,0.0,0.0,0.0 
 01/22  16:00:00,0.0,39952140.969726,21592146.7968761,18359994.17285,0.0,0.0,0.0,0.0,0.0 
 01/22  17:00:00,0.0,39952140.969726,21592146.7968761,18359994.17285,0.0,0.0,0.0,0.0,0.0 
 01/22  18:00:00,0.0,39952140.969726,21592146.7968761,18359994.17285,0.0,0.0,0.0,0.0,0.0 
 01/22  19:00:00,0.0,39952140.969726,21592146.7968761,18359994.17285,0.0,0.0,0.0,0.0,0.0 
 01/22  20:00:00,0.0,39952140.969726,21592146.7968761,18359994.17285,0.0,0.0,0.0,0.0,0.0 
 01/22  21:00:00,0.0,39952140.969726,21592146.7968761,18359994.17285,0.0,0.0,0.0,0.0,0.0 
 01/22  22:00:00,0.0,39952140.969726,21592146.7968761,18359994.17285,0.0,0.0,0.0,0.0,0.0 
 01/22  23:00:00,0.0,39952140.969726,21592146.7968761,18359994.17285,0.0,0.0,0.0,0.0,0.0 
 01/22  24:00:00,0.0,39952140.969726,21592146.7968761,18359994.17285,0.0,0.0,0.0,0.0,0.0 
 01/23  01:00:00,0.0,39952140.969726,21592146.7968761,18359994.17285,0.0,0.0,0.0,0.0,0.0 
 01/23  02:00:00,0.0,39952140.969726,21592146.7968761,18359994.17285,0.0,0.0,0.0,0.0,0.0 
 01/23  03:00:00,0.0,39952140.969726,21592146.7968761,18359994.17285,0.0,0.0,0.0,0.0,0.0 
 01/23  04:00:00,0.0,39952140.969726,21592146.7968761,18359994.17285,0.0,0.0,0.0,0.0,0.0 
 01/23  05:00:00,0.0,39952140.969726,21592146.7968761,18359994.17285,0.0,0.0,0.0,0.0,0.0 
 01/23  06:00:00,1562073789.17069,112111892.074154,21592146.7968761,18359994.17285,56518171.9316889,12172392.2708829,0.0,3418408.27708287,1562073789.17069 
 01/23  07:00:00,1405778405.24606,265611596.565946,97164660.5859424,107999965.722647,53669520.8874641,6516567.72123311,0.0,257554.922655422,1405778405.24606 
 01/23  08:00:00,1139147409.0104,252232090.269098,97164660.5859424,107999965.722647,38783054.355274,7239831.64673753,0.0,1029736.83515002,1139147409.0104 
 01/23  09:00:00,550584374.740473,238975783.52832,97164660.5859424,107999965.722647,18811065.6439504,11024614.3399003,0.0,3921638.43477636,550584374.740473 
 01/23  10:00:00,315171389.903932,225669935.64076,97164660.5859424,107999965.722647,16951288.3872559,3554020.94491437,0.0,0.0,315171389.903932 
 01/23  11:00:00,210926590.972042,229360076.34806,97164660.5859424,107999965.722647,17112608.6809788,4147167.74283897,0.0,2894495.60448587,210926590.972042 
 01/23  12:00:00,140134876.558907,225972911.623967,97164660.5859424,107999965.722647,18383871.0233998,1446830.25941759,0.0,963925.801037099,140134876.558907 
 01/23  13:00:00,76812696.8238932,224611709.016426,97164660.5859424,107999965.722647,19363425.1063285,83657.6015080663,0.0,0.0,76812696.8238932 
 01/23  14:00:00,16179019.0051158,227183015.736381,97164660.5859424,107999965.722647,19733906.0188834,1306939.75329663,0.0,963797.766891709,16179019.0051158 
 01/23  15:00:00,0.0,225271796.565218,97164660.5859424,107999965.722647,20107170.2566288,0.0,0.0,0.0,0.0 
 01/23  16:00:00,27752.4202282383,243370517.711872,97164660.5859424,107999965.722647,20039091.9051999,10315922.9869423,0.0,7739329.15791282,27752.4202282383 
 01/23  17:00:00,10063.4498862666,242484439.023554,97164660.5859424,107999965.722647,19160511.8527997,10315667.2669127,0.0,7733226.37558107,10063.4498862666 
 01/23  18:00:00,0.0,241539521.708529,97164660.5859424,107999965.722647,18234647.6429226,10315074.9918737,0.0,7718533.97902724,0.0 
 01/23  19:00:00,9652565.55614116,56855510.21314,21592146.7968761,18359994.17285,16286564.6054859,355854.045855573,0.0,257403.467889953,9652565.55614116 
 01/23  20:00:00,0.0,39952140.969726,21592146.7968761,18359994.17285,0.0,0.0,0.0,0.0,0.0 
 01/23  21:00:00,0.0,39952140.969726,21592146.7968761,18359994.17285,0.0,0.0,0.0,0.0,0.0 
 01/23  22:00:00,0.0,39952140.969726,21592146.7968761,18359994.17285,0.0,0.0,0.0,0.0,0.0 
 01/23  23:00:00,0.0,39952140.969726,21592146.7968761,18359994.17285,0.0,0.0,0.0,0.0,0.0 
 01/23  24:00:00,0.0,39952140.969726,21592146.7968761,18359994.17285,0.0,0.0,0.0,0.0,0.0 
 01/24  01:00:00,0.0,39952140.969726,21592146.7968761,18359994.17285,0.0,0.0,0.0,0.0,0.0 
 01/24  02:00:00,0.0,39952140.969726,21592146.7968761,18359994.17285,0.0,0.0,0.0,0.0,0.0 
 01/24  03:00:00,0.0,39952140.969726,21592146.7968761,18359994.17285,0.0,0.0,0.0,0.0,0.0 
 01/24  04:00:00,0.0,39952140.969726,21592146.7968761,18359994.17285,0.0,0.0,0.0,0.0,0.0 
 01/24  05:00:00,0.0,39952140.969726,21592146.7968761,18359994.17285,0.0,0.0,0.0,0.0,0.0 
 01/24  06:00:00,1476534783.87709,105427385.273192,21592146.7968761,18359994.17285,53260256.8988213,10057940.4717087,0.0,2122823.26119904,1476534783.87709 
 01/24  07:00:00,1383093073.76597,266701020.16221,97164660.5859424,107999965.722647,54263309.7347303,6750015.2110144,0.0,516169.209387877,1383093073.76597 
 01/24  08:00:00,986967344.762465,244400415.683203,97164660.5859424,107999965.722647,31037177.6119732,7221440.64946213,0.0,964213.699185417,986967344.762465 
 01/24  09:00:00,475819038.750447,230421287.411289,97164660.5859424,107999965.722647,18286373.3427499,6480985.02507153,0.0,482738.959961274,475819038.750447 
 01/24  10:00:00,283546283.405702,228870816.368183,97164660.5859424,107999965.722647,18092997.1488651,4146898.12579293,0.0,1446636.4046139,283546283.405702 
 01/24  11:00:00,194119146.032927,225017158.360313,97164660.5859424,107999965.722647,19612096.919026,240435.132697438,0.0,0.0,194119146.032927 
 01/24  12:00:00,133070171.636927,225468408.820882,97164660.5859424,107999965.722647,20155456.4628309,148326.049461443,0.0,0.0,133070171.636927 
 01/24  13:00:00,79447496.4232468,225764729.880003,97164660.5859424,107999965.722647,20513568.3191917,86535.2522222552,0.0,0.0,79447496.4232468 
 01/24  14:00:00,18515194.1741199,230672396.555194,97164660.5859424,107999965.722647,20952324.3339273,2598869.47025996,0.0,1928782.96180466,18515194.1741199 
 01/24  15:00:00,47959.4809420132,226900673.64907,97164660.5859424,107999965.722647,21735996.2663361,51.0741445271377,0.0,0.0,47959.4809420132 
 01/24  16:00:00,5069.86284986282,237469408.956122,97164660.5859424,107999965.722647,22018336.0168058,5845318.39012601,0.0,4376738.48250743,5069.86284986282 
 01/24  17:00:00,0.0,262321747.162199,97164660.5859424,107999965.722647,20807396.166742,20632191.5065505,0.0,15489385.6868951,0.0 
 01/24  18:00:00,0.0,233138962.238139,97164660.5859424,107999965.722647,18847821.1038569,5159517.05219952,0.0,3909091.0367442,0.0 
 01/24  19:00:00,4320868.6612257,57544670.0760584,21592146.7968761,18359994.17285,16378679.7889421,692570.275356686,0.0,513963.754185261,4320868.6612257 
 01/24  20:00:00,0.0,39952140.969726,21592146.7968761,18359994.17285,0.0,0.0,0.0,0.0,0.0 
 01/24  21:00:00,0.0,39952140.969726,21592146.7968761,18359994.17285,0.0,0.0,0.0,0.0,0.0 
 01/24  22:00:00,0.0,39952140.969726,21592146.7968761,18359994.17285,0.0,0.0,0.0,0.0,0.0 
 01/24  23:00:00,0.0,39952140.969726,21592146.7968761,18359994.17285,0.0,0.0,0.0,0.0,0.0 
 01/24  24:00:00,0.0,39952140.969726,21592146.7968761,18359994.17285,0.0,0.0,0.0,0.0,0.0 
 01/25  01:00:00,0.0,39952140.969726,21592146.7968761,18359994.17285,0.0,0.0,0.0,0.0,0.0 
 01/25  02:00:00,0.0,39952140.969726,21592146.7968761,18359994.17285,0.0,0.0,0.0,0.0,0.0 
 01/25  03:00:00,0.0,39952140.969726,21592146.7968761,18359994.17285,0.0,0.0,0.0,0.0,0.0 
 01/25  04:00:00,0.0,39952140.969726,21592146.7968761,18359994.17285,0.0,0.0,0.0,0.0,0.0 
 01/25  05:00:00,0.0,39952140.969726,21592146.7968761,18359994.17285,0.0,0.0,0.0,0.0,0.0 
 01/25  06:00:00,1483267772.37706,106282764.258923,21592146.7968761,18359994.17285,53460431.7480162,10449381.3744213,0.0,2384192.13323372,1483267772.37706 
 01/25  07:00:00,1392293857.98437,268081242.914994,97164660.5859424,107999965.722647,54491355.1282378,7412558.589362,0.0,999995.004153282,1392293857.98437 
 01/25  08:00:00,1013335070.28557,249529815.39522,97164660.5859424,107999965.722647,31631447.3820207,9803716.13715692,0.0,2892982.8897071,1013335070.28557 
 01/25  09:00:00,492095642.264682,238572634.836911,97164660.5859424,107999965.722647,18426521.4428455,11014635.9549376,0.0,3914016.93228135,492095642.264682 
 01/25  10:00:00,287966023.75805,229993951.907605,97164660.5859424,107999965.722647,17148397.5174144,5727088.51319997,0.0,1927797.97154626,287966023.75805 
 01/25  11:00:00,195061497.756945,227245535.879154,97164660.5859424,107999965.722647,17303200.0217629,2821804.92920702,0.0,1929493.24260354,195061497.756945 
 01/25  12:00:00,129408354.905985,225402238.219084,97164660.5859424,107999965.722647,17827063.8983722,1433242.10761355,0.0,964065.091946612,129408354.905985 
 01/25  13:00:00,71405293.9621492,228281345.498938,97164660.5859424,107999965.722647,18506325.4762833,2656401.54154199,0.0,1927280.8029249,71405293.9621492 
 01/25  14:00:00,13811833.6478258,237851584.72981,97164660.5859424,107999965.722647,19066891.1655097,7751227.82210298,0.0,5786515.961703,13811833.6478258 
 01/25  15:00:00,0.0,251113888.983679,97164660.5859424,107999965.722647,18725810.1023833,15472963.9145045,0.0,11586682.5063388,0.0 
 01/25  16:00:00,0.0,250952998.130041,97164660.5859424,107999965.722647,18585957.0611285,15472081.6524402,0.0,11564813.6196907,0.0 
 01/25  17:00:00,54421.1778919348,250825681.394912,97164660.5859424,107999965.722647,18440690.3827278,15472702.5292992,0.0,11578674.7280946,54421.1778919348 
 01/25  18:00:00,0.0,259546554.434548,97164660.5859424,107999965.722647,18082932.3335147,20630416.4080908,0.0,15443619.069648,0.0 
 01/25  19:00:00,13356205.8365576,56854901.6048182,21592146.7968761,18359994.17285,16283040.5579098,359001.836813766,0.0,257010.77130552,13356205.8365576 
 01/25  20:00:00,0.0,39952140.969726,21592146.7968761,18359994.17285,0.0,0.0,0.0,0.0,0.0 
 01/25  21:00:00,0.0,39952140.969726,21592146.7968761,18359994.17285,0.0,0.0,0.0,0.0,0.0 
 01/25  22:00:00,0.0,39952140.969726,21592146.7968761,18359994.17285,0.0,0.0,0.0,0.0,0.0 
 01/25  23:00:00,0.0,39952140.969726,21592146.7968761,18359994.17285,0.0,0.0,0.0,0.0,0.0 
 01/25  24:00:00,0.0,39952140.969726,21592146.7968761,18359994.17285,0.0,0.0,0.0,0.0,0.0 
 01/26  01:00:00,0.0,39952140.969726,21592146.7968761,18359994.17285,0.0,0.0,0.0,0.0,0.0 
 01/26  02:00:00,0.0,39952140.969726,21592146.7968761,18359994.17285,0.0,0.0,0.0,0.0,0.0 
 01/26  03:00:00,0.0,39952140.969726,21592146.7968761,18359994.17285,0.0,0.0,0.0,0.0,0.0 
 01/26  04:00:00,0.0,39952140.969726,21592146.7968761,18359994.17285,0.0,0.0,0.0,0.0,0.0 
 01/26  05:00:00,0.0,39952140.969726,21592146.7968761,18359994.17285,0.0,0.0,0.0,0.0,0.0 
 01/26  06:00:00,1431667703.29893,104674644.573047,21592146.7968761,18359994.17285,52216138.7359813,10118405.3901225,0.0,2350730.46045024,1431667703.29893 
 01/26  07:00:00,1370809936.77272,267569449.47359,97164660.5859424,107999965.722647,54544941.0188863,7074515.0527141,0.0,775020.600431704,1370809936.77272 
 01/26  08:00:00,934167889.950136,262237287.260887,97164660.5859424,107999965.722647,28127504.6515714,18819041.2424738,0.0,9983397.28421552,934167889.950136 
 01/26  09:00:00,471985473.809191,256611357.508194,97164660.5859424,107999965.722647,18290424.6333724,21316667.5695908,0.0,11677279.8862187,471985473.809191 
 01/26  10:00:00,286272771.734472,244834574.181927,97164660.5859424,107999965.722647,17207667.1916822,14108070.5304117,0.0,8239864.50504046,286272771.734472 
 01/26  11:00:00,194567450.975774,227218865.27534,97164660.5859424,107999965.722647,17729354.1368106,2563519.87916636,0.0,1736550.76819207,194567450.975774 
 01/26  12:00:00,114999970.207425,223979217.523748,97164660.5859424,107999965.722647,18687601.7677643,126989.447394064,0.0,0.0,114999970.207425 
 01/26  13:00:00,40165621.2831138,224378144.175609,97164660.5859424,107999965.722647,19169834.2440155,43683.6230040271,0.0,0.0,40165621.2831138 
 01/26  14:00:00,1941060.37825173,263823741.195083,97164660.5859424,107999965.722647,19637651.6228303,20722890.8828539,0.0,17958482.4202847,1941060.37825173 
 01/26  15:00:00,0.0,264799667.771766,97164660.5859424,107999965.722647,19039598.7756915,20768753.961736,0.0,19430563.8057314,0.0 
 01/26  16:00:00,0.0,263691181.737137,97164660.5859424,107999965.722647,18135715.2704047,20762138.3693494,0.0,19239241.581183,0.0 
 01/26  17:00:00,0.0,261697954.390732,97164660.5859424,107999965.722647,18529646.6674585,20688541.9894494,0.0,17016730.2933758,0.0 
 01/26  18:00:00,0.0,259652948.877046,97164660.5859424,107999965.722647,18178699.5664814,20630436.6177146,0.0,15444191.617803,0.0 
 01/26  19:00:00,21668472.2269148,56267101.9637589,21592146.7968761,18359994.17285,16291249.6359831,23711.3580497937,0.0,0.0,21668472.2269148 
 01/26  20:00:00,0.0,39952140.969726,21592146.7968761,18359994.17285,0.0,0.0,0.0,0.0,0.0 
 01/26  21:00:00,0.0,39952140.969726,21592146.7968761,18359994.17285,0.0,0.0,0.0,0.0,0.0 
 01/26  22:00:00,0.0,39952140.969726,21592146.7968761,18359994.17285,0.0,0.0,0.0,0.0,0.0 
 01/26  23:00:00,0.0,39952140.969726,21592146.7968761,18359994.17285,0.0,0.0,0.0,0.0,0.0 
 01/26  24:00:00,0.0,39952140.969726,21592146.7968761,18359994.17285,0.0,0.0,0.0,0.0,0.0 
 01/27  01:00:00,0.0,39952140.969726,21592146.7968761,18359994.17285,0.0,0.0,0.0,0.0,0.0 
 01/27  02:00:00,0.0,39952140.969726,21592146.7968761,18359994.17285,0.0,0.0,0.0,0.0,0.0 
 01/27  03:00:00,0.0,39952140.969726,21592146.7968761,18359994.17285,0.0,0.0,0.0,0.0,0.0 
 01/27  04:00:00,0.0,39952140.969726,21592146.7968761,18359994.17285,0.0,0.0,0.0,0.0,0.0 
 01/27  05:00:00,0.0,39952140.969726,21592146.7968761,18359994.17285,0.0,0.0,0.0,0.0,0.0 
 01/27  06:00:00,1380334564.66199,103233505.816856,21592146.7968761,18359994.17285,49805954.9317817,10754251.9838381,0.0,2681994.0490827,1380334564.66199 
 01/27  07:00:00,1361899789.10064,267522619.117748,97164660.5859424,107999965.722647,54655469.2785789,6949773.01695655,0.0,742767.069593108,1361899789.10064 
 01/27  08:00:00,817946914.614416,240626767.731169,97164660.5859424,107999965.722647,22773695.0348303,9756586.79943943,0.0,2892908.64047998,817946914.614416 
 01/27  09:00:00,419472793.449556,233887195.786426,97164660.5859424,107999965.722647,18358111.8194515,8409337.74761774,0.0,1927655.51838351,419472793.449556 
 01/27  10:00:00,252389073.051221,228578382.537226,97164660.5859424,107999965.722647,19407079.6562129,3028634.28286617,0.0,964253.14183277,252389073.051221 
 01/27  11:00:00,167401731.037139,226078068.76955,97164660.5859424,107999965.722647,20717518.452135,195924.008825905,0.0,0.0,167401731.037139 
 01/27  12:00:00,95699599.3387648,226396803.603444,97164660.5859424,107999965.722647,21127492.6256654,104684.669189477,0.0,0.0,95699599.3387648 
 01/27  13:00:00,32267305.1435244,263922167.743969,97164660.5859424,107999965.722647,21509105.1775669,20697586.7445728,0.0,16290475.599025,32267305.1435244 
 01/27  14:00:00,1846595.82664873,265446596.604842,97164660.5859424,107999965.722647,22159202.8581058,20695776.5737858,0.0,17134252.7660547,1846595.82664873 
 01/27  15:00:00,0.0,270891612.022171,97164660.5859424,107999965.722647,23265442.058895,20823411.4860441,0.0,21186196.8736966,0.0 
 01/27  16:00:00,0.0,274168712.664152,97164660.5859424,107999965.722647,23745150.6133886,20899674.6933059,0.0,23801602.2453954,0.0 
 01/27  17:00:00,0.0,265545601.228094,97164660.5859424,107999965.722647,22183402.1651071,20692805.6415358,0.0,17206646.8817813,0.0 
 01/27  18:00:00,0.0,233780601.7657,97164660.5859424,107999965.722647,19484201.1448792,5159681.14275927,0.0,3913654.69637842,0.0 
 01/27  19:00:00,1059100.4724147,57066291.7329305,21592146.7968761,18359994.17285,16508455.4526503,344977.071578515,0.0,257002.4349255,1059100.4724147 
 01/27  20:00:00,0.0,39952140.969726,21592146.7968761,18359994.17285,0.0,0.0,0.0,0.0,0.0 
 01/27  21:00:00,0.0,39952140.969726,21592146.7968761,18359994.17285,0.0,0.0,0.0,0.0,0.0 
 01/27  22:00:00,0.0,39952140.969726,21592146.7968761,18359994.17285,0.0,0.0,0.0,0.0,0.0 
 01/27  23:00:00,0.0,39952140.969726,21592146.7968761,18359994.17285,0.0,0.0,0.0,0.0,0.0 
 01/27  24:00:00,0.0,39952140.969726,21592146.7968761,18359994.17285,0.0,0.0,0.0,0.0,0.0 
 01/28  01:00:00,0.0,39952140.969726,21592146.7968761,18359994.17285,0.0,0.0,0.0,0.0,0.0 
 01/28  02:00:00,0.0,39952140.969726,21592146.7968761,18359994.17285,0.0,0.0,0.0,0.0,0.0 
 01/28  03:00:00,0.0,39952140.969726,21592146.7968761,18359994.17285,0.0,0.0,0.0,0.0,0.0 
 01/28  04:00:00,0.0,39952140.969726,21592146.7968761,18359994.17285,0.0,0.0,0.0,0.0,0.0 
 01/28  05:00:00,0.0,39952140.969726,21592146.7968761,18359994.17285,0.0,0.0,0.0,0.0,0.0 
 01/28  06:00:00,0.0,39952140.969726,21592146.7968761,18359994.17285,0.0,0.0,0.0,0.0,0.0 
 01/28  07:00:00,1457061692.76836,106156944.538789,21592146.7968761,18359994.17285,52984044.106398,10548666.4141598,0.0,2632188.52358278,1457061692.76836 
 01/28  08:00:00,1454652454.78124,100652134.190045,21592146.7968761,18359994.17285,53869139.0502492,6830854.17006943,0.0,0.0,1454652454.78124 
 01/28  09:00:00,1132030769.61836,96616718.2768066,21592146.7968761,18359994.17285,32186644.6270451,16454720.6856382,0.0,7910834.55251802,1132030769.61836 
 01/28  10:00:00,617101176.975383,91813527.8827819,21592146.7968761,18359994.17285,18508139.9198546,21432851.4481922,0.0,11752875.9726839,617101176.975383 
 01/28  11:00:00,412011816.706532,62698222.0859149,21592146.7968761,18359994.17285,16819702.7875059,5926378.32868298,0.0,0.0,412011816.706532 
 01/28  12:00:00,320963951.553268,71074832.8179636,21592146.7968761,18359994.17285,16253266.415342,9979382.16603679,0.0,4820222.40000418,320963951.553268 
 01/28  13:00:00,271857705.890987,56822831.1273121,21592146.7968761,18359994.17285,16421914.1987431,448775.958843017,0.0,0.0,271857705.890987 
 01/28  14:00:00,0.0,39952140.969726,21592146.7968761,18359994.17285,0.0,0.0,0.0,0.0,0.0 
 01/28  15:00:00,0.0,39952140.969726,21592146.7968761,18359994.17285,0.0,0.0,0.0,0.0,0.0 
 01/28  16:00:00,0.0,39952140.969726,21592146.7968761,18359994.17285,0.0,0.0,0.0,0.0,0.0 
 01/28  17:00:00,0.0,39952140.969726,21592146.7968761,18359994.17285,0.0,0.0,0.0,0.0,0.0 
 01/28  18:00:00,0.0,39952140.969726,21592146.7968761,18359994.17285,0.0,0.0,0.0,0.0,0.0 
 01/28  19:00:00,0.0,39952140.969726,21592146.7968761,18359994.17285,0.0,0.0,0.0,0.0,0.0 
 01/28  20:00:00,0.0,39952140.969726,21592146.7968761,18359994.17285,0.0,0.0,0.0,0.0,0.0 
 01/28  21:00:00,0.0,39952140.969726,21592146.7968761,18359994.17285,0.0,0.0,0.0,0.0,0.0 
 01/28  22:00:00,0.0,39952140.969726,21592146.7968761,18359994.17285,0.0,0.0,0.0,0.0,0.0 
 01/28  23:00:00,0.0,39952140.969726,21592146.7968761,18359994.17285,0.0,0.0,0.0,0.0,0.0 
 01/28  24:00:00,0.0,39952140.969726,21592146.7968761,18359994.17285,0.0,0.0,0.0,0.0,0.0 
 01/29  01:00:00,0.0,39952140.969726,21592146.7968761,18359994.17285,0.0,0.0,0.0,0.0,0.0 
 01/29  02:00:00,0.0,39952140.969726,21592146.7968761,18359994.17285,0.0,0.0,0.0,0.0,0.0 
 01/29  03:00:00,0.0,39952140.969726,21592146.7968761,18359994.17285,0.0,0.0,0.0,0.0,0.0 
 01/29  04:00:00,0.0,39952140.969726,21592146.7968761,18359994.17285,0.0,0.0,0.0,0.0,0.0 
 01/29  05:00:00,0.0,39952140.969726,21592146.7968761,18359994.17285,0.0,0.0,0.0,0.0,0.0 
 01/29  06:00:00,0.0,39952140.969726,21592146.7968761,18359994.17285,0.0,0.0,0.0,0.0,0.0 
 01/29  07:00:00,1374335619.1008,101923423.931086,21592146.7968761,18359994.17285,49809024.7032683,9944960.76375995,0.0,2181023.879556,1374335619.1008 
 01/29  08:00:00,1423200654.29684,102229125.059799,21592146.7968761,18359994.17285,53599486.2475667,7697192.30375613,0.0,965659.366964938,1423200654.29684 
 01/29  09:00:00,952976213.652121,96943956.3591682,21592146.7968761,18359994.17285,23459375.8973458,21496550.4613398,0.0,11848480.0748897,952976213.652121 
 01/29  10:00:00,567773170.460919,100289938.720187,21592146.7968761,18359994.17285,17882394.4558705,26608965.9009507,0.0,15600008.5593909,567773170.460919 
 01/29  11:00:00,445872666.211249,99237146.8167164,21592146.7968761,18359994.17285,16708425.489325,26626061.4564392,0.0,15690804.8208098,445872666.211249 
 01/29  12:00:00,387650657.266268,98575349.7383866,21592146.7968761,18359994.17285,16263186.9475433,26608365.0033481,0.0,15498913.194876,387650657.266268 
 01/29  13:00:00,366075034.795694,87554866.1608556,21592146.7968761,18359994.17285,16061592.9989527,19782095.0289291,0.0,11573578.9381279,366075034.795694 
 01/29  14:00:00,0.0,39952140.969726,21592146.7968761,18359994.17285,0.0,0.0,0.0,0.0,0.0 
 01/29  15:00:00,0.0,39952140.969726,21592146.7968761,18359994.17285,0.0,0.0,0.0,0.0,0.0 
 01/29  16:00:00,0.0,39952140.969726,21592146.7968761,18359994.17285,0.0,0.0,0.0,0.0,0.0 
 01/29  17:00:00,0.0,39952140.969726,21592146.7968761,18359994.17285,0.0,0.0,0.0,0.0,0.0 
 01/29  18:00:00,0.0,39952140.969726,21592146.7968761,18359994.17285,0.0,0.0,0.0,0.0,0.0 
 01/29  19:00:00,0.0,39952140.969726,21592146.7968761,18359994.17285,0.0,0.0,0.0,0.0,0.0 
 01/29  20:00:00,0.0,39952140.969726,21592146.7968761,18359994.17285,0.0,0.0,0.0,0.0,0.0 
 01/29  21:00:00,0.0,39952140.969726,21592146.7968761,18359994.17285,0.0,0.0,0.0,0.0,0.0 
 01/29  22:00:00,0.0,39952140.969726,21592146.7968761,18359994.17285,0.0,0.0,0.0,0.0,0.0 
 01/29  23:00:00,0.0,39952140.969726,21592146.7968761,18359994.17285,0.0,0.0,0.0,0.0,0.0 
 01/29  24:00:00,0.0,39952140.969726,21592146.7968761,18359994.17285,0.0,0.0,0.0,0.0,0.0 
 01/30  01:00:00,0.0,39952140.969726,21592146.7968761,18359994.17285,0.0,0.0,0.0,0.0,0.0 
 01/30  02:00:00,0.0,39952140.969726,21592146.7968761,18359994.17285,0.0,0.0,0.0,0.0,0.0 
 01/30  03:00:00,0.0,39952140.969726,21592146.7968761,18359994.17285,0.0,0.0,0.0,0.0,0.0 
 01/30  04:00:00,0.0,39952140.969726,21592146.7968761,18359994.17285,0.0,0.0,0.0,0.0,0.0 
 01/30  05:00:00,0.0,39952140.969726,21592146.7968761,18359994.17285,0.0,0.0,0.0,0.0,0.0 
 01/30  06:00:00,1608319760.29235,113937068.5613,21592146.7968761,18359994.17285,59319775.1888726,11641534.8619687,0.0,2971873.39174616,1608319760.29235 
 01/30  07:00:00,1401651559.28099,265248313.922727,97164660.5859424,107999965.722647,53393998.9913188,6428622.96510617,0.0,257372.507410868,1401651559.28099 
 01/30  08:00:00,1134386905.10564,250437874.079165,97164660.5859424,107999965.722647,38200357.7951121,6583094.28507219,0.0,482877.465853859,1134386905.10564 
 01/30  09:00:00,538422188.696458,229622060.031102,97164660.5859424,107999965.722647,18616192.925581,5841240.79693136,0.0,0.0,538422188.696458 
 01/30  10:00:00,311713967.303487,243516059.132741,97164660.5859424,107999965.722647,16857149.5935339,13600972.1021913,0.0,7778656.68892786,311713967.303487 
 01/30  11:00:00,213565312.330922,225802356.961027,97164660.5859424,107999965.722647,16949237.5444776,2218291.74137872,0.0,1448639.18009296,213565312.330922 
 01/30  12:00:00,144924280.045404,227119705.725917,97164660.5859424,107999965.722647,17255428.1624002,2742427.26471607,0.0,1927452.90670207,144924280.045404 
 01/30  13:00:00,79922767.8608435,222848630.610534,97164660.5859424,107999965.722647,17596918.2096018,87086.0923431057,0.0,0.0,79922767.8608435 
 01/30  14:00:00,25018311.8442276,225463574.604606,97164660.5859424,107999965.722647,18003759.2710058,1316572.95809769,0.0,963813.278613473,25018311.8442276 
 01/30  15:00:00,26617.543902843,226569231.370661,97164660.5859424,107999965.722647,19136837.1565105,1289390.75689016,0.0,963769.630430283,26617.543902843 
 01/30  16:00:00,19232.2616488068,242838630.50789,97164660.5859424,107999965.722647,19531641.113788,10314886.0291253,0.0,7710943.06225171,19232.2616488068 
 01/30  17:00:00,0.0,251576660.369385,97164660.5859424,107999965.722647,19177942.0651436,15472986.3469096,0.0,11587388.8245706,0.0 
 01/30  18:00:00,0.0,223337667.590533,97164660.5859424,107999965.722647,18173041.2819434,0.0,0.0,0.0,0.0 
 01/30  19:00:00,7932629.27348606,57423888.4958572,21592146.7968761,18359994.17285,16253698.6711582,696629.438226774,0.0,513975.871883648,7932629.27348606 
 01/30  20:00:00,0.0,39952140.969726,21592146.7968761,18359994.17285,0.0,0.0,0.0,0.0,0.0 
 01/30  21:00:00,0.0,39952140.969726,21592146.7968761,18359994.17285,0.0,0.0,0.0,0.0,0.0 
 01/30  22:00:00,0.0,39952140.969726,21592146.7968761,18359994.17285,0.0,0.0,0.0,0.0,0.0 
 01/30  23:00:00,0.0,39952140.969726,21592146.7968761,18359994.17285,0.0,0.0,0.0,0.0,0.0 
 01/30  24:00:00,0.0,39952140.969726,21592146.7968761,18359994.17285,0.0,0.0,0.0,0.0,0.0 
 01/31  01:00:00,0.0,39952140.969726,21592146.7968761,18359994.17285,0.0,0.0,0.0,0.0,0.0 
 01/31  02:00:00,0.0,39952140.969726,21592146.7968761,18359994.17285,0.0,0.0,0.0,0.0,0.0 
 01/31  03:00:00,0.0,39952140.969726,21592146.7968761,18359994.17285,0.0,0.0,0.0,0.0,0.0 
 01/31  04:00:00,0.0,39952140.969726,21592146.7968761,18359994.17285,0.0,0.0,0.0,0.0,0.0 
 01/31  05:00:00,0.0,39952140.969726,21592146.7968761,18359994.17285,0.0,0.0,0.0,0.0,0.0 
 01/31  06:00:00,1389715721.13554,103734837.846761,21592146.7968761,18359994.17285,50229990.4156178,10789638.5135807,0.0,2721629.60117243,1389715721.13554 
 01/31  07:00:00,1360075293.9791,267184115.352068,97164660.5859424,107999965.722647,54321914.567618,6945602.46915473,0.0,741621.124406647,1360075293.9791 
 01/31  08:00:00,781054314.731074,251240581.375083,97164660.5859424,107999965.722647,21892326.3016241,16208455.59133,0.0,7861235.33470959,781054314.731074 
 01/31  09:00:00,413766902.93519,256099194.927673,97164660.5859424,107999965.722647,17786655.5291622,21313622.6113238,0.0,11664546.3358079,413766902.93519 
 01/31  10:00:00,257187380.45391,232399818.242333,97164660.5859424,107999965.722647,17112587.8993831,6183479.90768164,0.0,3882051.38599508,257187380.45391 
 01/31  11:00:00,175940999.071484,222697786.546875,97164660.5859424,107999965.722647,17324079.8078144,209080.430471202,0.0,0.0,175940999.071484 
 01/31  12:00:00,122268575.17563,222780688.737639,97164660.5859424,107999965.722647,17481366.5378238,134695.891226134,0.0,0.0,122268575.17563 
 01/31  13:00:00,115413156.822361,222869618.4368,97164660.5859424,107999965.722647,17578411.3238654,126580.804345566,0.0,0.0,115413156.822361 
 01/31  14:00:00,103265289.557764,225263782.318126,97164660.5859424,107999965.722647,17719005.5907498,1402245.55184513,0.0,963542.757186832,103265289.557764 
 01/31  15:00:00,56306664.4474406,223084984.055098,97164660.5859424,107999965.722647,17859109.2700652,61248.476443307,0.0,0.0,56306664.4474406 
 01/31  16:00:00,19575629.3466542,223149577.757641,97164660.5859424,107999965.722647,17963661.1586188,21290.2904327606,0.0,0.0,19575629.3466542 
 01/31  17:00:00,5363593.58459969,223228761.107136,97164660.5859424,107999965.722647,18058301.0811791,5833.71736805809,0.0,0.0,5363593.58459969 
 01/31  18:00:00,4116995.35585403,250275843.476942,97164660.5859424,107999965.722647,17878101.2775471,15477347.2753324,0.0,11584046.1862347,4116995.35585403 
 01/31  19:00:00,86099640.2793829,56316266.84112,21592146.7968761,18359994.17285,16251623.135007,112502.736386927,0.0,0.0,86099640.2793829 
 01/31  20:00:00,0.0,39952140.969726,21592146.7968761,18359994.17285,0.0,0.0,0.0,0.0,0.0 
 01/31  21:00:00,0.0,39952140.969726,21592146.7968761,18359994.17285,0.0,0.0,0.0,0.0,0.0 
 01/31  22:00:00,0.0,39952140.969726,21592146.7968761,18359994.17285,0.0,0.0,0.0,0.0,0.0 
 01/31  23:00:00,0.0,39952140.969726,21592146.7968761,18359994.17285,0.0,0.0,0.0,0.0,0.0 
 01/31  24:00:00,0.0,39952140.969726,21592146.7968761,18359994.17285,0.0,0.0,0.0,0.0,0.0 
