Time,PERIM-1-NORTH:DULUTH ANN HTG 99.6% CONDNS DB:Des Heat Load [W],PERIM-1-NORTH:DULUTH ANN CLG .4% CONDNS DB=>MWB:Des Cool Load [W],PERIM-1-NORTH:DULUTH ANN HTG 99.6% CONDNS DB:Des Heat Mass Flow [kg/s],PERIM-1-NORTH:DULUTH ANN CLG .4% CONDNS DB=>MWB:Des Cool Mass Flow [kg/s],PERIM-1-EAST:DULUTH ANN HTG 99.6% CONDNS DB:Des Heat Load [W],PERIM-1-EAST:DULUTH ANN CLG .4% CONDNS DB=>MWB:Des Cool Load [W],PERIM-1-EAST:DULUTH ANN HTG 99.6% CONDNS DB:Des Heat Mass Flow [kg/s],PERIM-1-EAST:DULUTH ANN CLG .4% CONDNS DB=>MWB:Des Cool Mass Flow [kg/s],PERIM-1-SOUTH:DULUTH ANN HTG 99.6% CONDNS DB:Des Heat Load [W],PERIM-1-SOUTH:DULUTH ANN CLG .4% CONDNS DB=>MWB:Des Cool Load [W],PERIM-1-SOUTH:DULUTH ANN HTG 99.6% CONDNS DB:Des Heat Mass Flow [kg/s],PERIM-1-SOUTH:DULUTH ANN CLG .4% CONDNS DB=>MWB:Des Cool Mass Flow [kg/s],PERIM-1-WEST:DULUTH ANN HTG 99.6% CONDNS DB:Des Heat Load [W],PERIM-1-WEST::Des Cool Load [W],PERIM-1-WEST:DULUTH ANN HTG 99.6% CONDNS DB:Des Heat Mass Flow [kg/s],PERIM-1-WEST::Des Cool Mass Flow [kg/s],CORE-1:DULUTH ANN HTG 99.6% CONDNS DB:Des Heat Load [W],CORE-1::Des Cool Load [W],CORE-1:DULUTH ANN HTG 99.6% CONDNS DB:Des Heat Mass Flow [kg/s],CORE-1::Des Cool Mass Flow [kg/s],PERIM-2-NORTH:DULUTH ANN HTG 99.6% CONDNS DB:Des Heat Load [W],PERIM-2-NORTH:DULUTH ANN CLG .4% CONDNS DB=>MWB:Des Cool Load [W],PERIM-2-NORTH:DULUTH ANN HTG 99.6% CONDNS DB:Des Heat Mass Flow [kg/s],PERIM-2-NORTH:DULUTH ANN CLG .4% CONDNS DB=>MWB:Des Cool Mass Flow [kg/s],PERIM-2-EAST:DULUTH ANN HTG 99.6% CONDNS DB:Des Heat Load [W],PERIM-2-EAST:DULUTH ANN CLG .4% CONDNS DB=>MWB:Des Cool Load [W],PERIM-2-EAST:DULUTH ANN HTG 99.6% CONDNS DB:Des Heat Mass Flow [kg/s],PERIM-2-EAST:DULUTH ANN CLG .4% CONDNS DB=>MWB:Des Cool Mass Flow [kg/s],PERIM-2-SOUTH:DULUTH ANN HTG 99.6% CONDNS DB:Des Heat Load [W],PERIM-2-SOUTH:DULUTH ANN CLG .4% CONDNS DB=>MWB:Des Cool Load [W],PERIM-2-SOUTH:DULUTH ANN HTG 99.6% CONDNS DB:Des Heat Mass Flow [kg/s],PERIM-2-SOUTH:DULUTH ANN CLG .4% CONDNS DB=>MWB:Des Cool Mass Flow [kg/s],PERIM-2-WEST:DULUTH ANN HTG 99.6% CONDNS DB:Des Heat Load [W],PERIM-2-WEST:DULUTH ANN CLG .4% CONDNS DB=>MWB:Des Cool Load [W],PERIM-2-WEST:DULUTH ANN HTG 99.6% CONDNS DB:Des Heat Mass Flow [kg/s],PERIM-2-WEST:DULUTH ANN CLG .4% CONDNS DB=>MWB:Des Cool Mass Flow [kg/s],CORE-2:DULUTH ANN HTG 99.6% CONDNS DB:Des Heat Load [W],CORE-2:DULUTH ANN CLG .4% CONDNS DB=>MWB:Des Cool Load [W],CORE-2:DULUTH ANN HTG 99.6% CONDNS DB:Des Heat Mass Flow [kg/s],CORE-2:DULUTH ANN CLG .4% CONDNS DB=>MWB:Des Cool Mass Flow [kg/s],PERIM-3-NORTH:DULUTH ANN HTG 99.6% CONDNS DB:Des Heat Load [W],PERIM-3-NORTH:DULUTH ANN CLG .4% CONDNS DB=>MWB:Des Cool Load [W],PERIM-3-NORTH:DULUTH ANN HTG 99.6% CONDNS DB:Des Heat Mass Flow [kg/s],PERIM-3-NORTH:DULUTH ANN CLG .4% CONDNS DB=>MWB:Des Cool Mass Flow [kg/s],PERIM-3-EAST:DULUTH ANN HTG 99.6% CONDNS DB:Des Heat Load [W],PERIM-3-EAST:DULUTH ANN CLG .4% CONDNS DB=>MWB:Des Cool Load [W],PERIM-3-EAST:DULUTH ANN HTG 99.6% CONDNS DB:Des Heat Mass Flow [kg/s],PERIM-3-EAST:DULUTH ANN CLG .4% CONDNS DB=>MWB:Des Cool Mass Flow [kg/s],PERIM-3-SOUTH:DULUTH ANN HTG 99.6% CONDNS DB:Des Heat Load [W],PERIM-3-SOUTH:DULUTH ANN CLG .4% CONDNS DB=>MWB:Des Cool Load [W],PERIM-3-SOUTH:DULUTH ANN HTG 99.6% CONDNS DB:Des Heat Mass Flow [kg/s],PERIM-3-SOUTH:DULUTH ANN CLG .4% CONDNS DB=>MWB:Des Cool Mass Flow [kg/s],PERIM-3-WEST:DULUTH ANN HTG 99.6% CONDNS DB:Des Heat Load [W],PERIM-3-WEST:DULUTH ANN CLG .4% CONDNS DB=>MWB:Des Cool Load [W],PERIM-3-WEST:DULUTH ANN HTG 99.6% CONDNS DB:Des Heat Mass Flow [kg/s],PERIM-3-WEST:DULUTH ANN CLG .4% CONDNS DB=>MWB:Des Cool Mass Flow [kg/s],CORE-3:DULUTH ANN HTG 99.6% CONDNS DB:Des Heat Load [W],CORE-3:DULUTH ANN CLG .4% CONDNS DB=>MWB:Des Cool Load [W],CORE-3:DULUTH ANN HTG 99.6% CONDNS DB:Des Heat Mass Flow [kg/s],CORE-3:DULUTH ANN CLG .4% CONDNS DB=>MWB:Des Cool Mass Flow [kg/s] 
00:15:00,8.853103E+03,0.000000E+00,6.200868E-01,0.000000E+00,1.467067E+04,0.000000E+00,1.027557E+00,0.000000E+00,8.938502E+03,0.000000E+00,6.260684E-01,0.000000E+00,2.360513E+04,0.000000E+00,1.653478E+00,0.000000E+00,2.730788E+04,0.000000E+00,1.912828E+00,0.000000E+00,6.392674E+03,0.000000E+00,4.477518E-01,0.000000E+00,1.003515E+04,0.000000E+00,7.028736E-01,0.000000E+00,6.445784E+03,0.000000E+00,4.514717E-01,0.000000E+00,9.973786E+03,1.432648E+02,6.985754E-01,8.164598E-03,6.388884E+03,2.917279E+03,4.474740E-01,1.661855E-01,8.057478E+03,0.000000E+00,5.643593E-01,0.000000E+00,1.279665E+04,0.000000E+00,8.962958E-01,0.000000E+00,8.085806E+03,0.000000E+00,5.663435E-01,0.000000E+00,1.276850E+04,0.000000E+00,8.943246E-01,0.000000E+00,1.357959E+04,3.026822E+03,9.511149E-01,1.724281E-01 
00:30:00,8.853113E+03,0.000000E+00,6.200875E-01,0.000000E+00,1.467067E+04,0.000000E+00,1.027557E+00,0.000000E+00,8.938502E+03,0.000000E+00,6.260684E-01,0.000000E+00,2.360507E+04,0.000000E+00,1.653474E+00,0.000000E+00,2.730770E+04,0.000000E+00,1.912815E+00,0.000000E+00,6.392426E+03,0.000000E+00,4.477344E-01,0.000000E+00,1.003468E+04,0.000000E+00,7.028403E-01,0.000000E+00,6.445531E+03,0.000000E+00,4.514541E-01,0.000000E+00,9.973319E+03,2.294613E+02,6.985427E-01,1.307474E-02,6.386328E+03,3.176172E+03,4.472949E-01,1.809347E-01,8.057505E+03,0.000000E+00,5.643612E-01,0.000000E+00,1.279669E+04,0.000000E+00,8.962986E-01,0.000000E+00,8.085832E+03,0.000000E+00,5.663453E-01,0.000000E+00,1.276855E+04,0.000000E+00,8.943276E-01,0.000000E+00,1.357963E+04,3.432309E+03,9.511175E-01,1.955273E-01 
00:45:00,8.853123E+03,0.000000E+00,6.200882E-01,0.000000E+00,1.467066E+04,0.000000E+00,1.027556E+00,0.000000E+00,8.938503E+03,0.000000E+00,6.260685E-01,0.000000E+00,2.360502E+04,0.000000E+00,1.653470E+00,0.000000E+00,2.730752E+04,0.000000E+00,1.912803E+00,0.000000E+00,6.392184E+03,0.000000E+00,4.477175E-01,0.000000E+00,1.003421E+04,0.000000E+00,7.028079E-01,0.000000E+00,6.445285E+03,0.000000E+00,4.514369E-01,0.000000E+00,9.972864E+03,3.053465E+02,6.985108E-01,1.739394E-02,6.383830E+03,3.400762E+03,4.471200E-01,1.937306E-01,8.057530E+03,0.000000E+00,5.643630E-01,0.000000E+00,1.279673E+04,0.000000E+00,8.963013E-01,0.000000E+00,8.085856E+03,0.000000E+00,5.663470E-01,0.000000E+00,1.276859E+04,0.000000E+00,8.943305E-01,0.000000E+00,1.357967E+04,3.780787E+03,9.511200E-01,2.153814E-01 
01:00:00,8.853133E+03,0.000000E+00,6.200890E-01,0.000000E+00,1.467066E+04,0.000000E+00,1.027556E+00,0.000000E+00,8.938504E+03,0.000000E+00,6.260686E-01,0.000000E+00,2.360496E+04,0.000000E+00,1.653466E+00,0.000000E+00,2.730735E+04,0.000000E+00,1.912791E+00,0.000000E+00,6.391949E+03,0.000000E+00,4.477010E-01,0.000000E+00,1.003376E+04,0.000000E+00,7.027763E-01,0.000000E+00,6.445046E+03,0.000000E+00,4.514201E-01,0.000000E+00,9.972420E+03,3.615207E+02,6.984797E-01,2.059394E-02,6.381390E+03,3.588162E+03,4.469491E-01,2.044073E-01,8.057556E+03,0.000000E+00,5.643647E-01,0.000000E+00,1.279676E+04,0.000000E+00,8.963039E-01,0.000000E+00,8.085880E+03,0.000000E+00,5.663487E-01,0.000000E+00,1.276863E+04,1.400850E+01,8.943333E-01,8.012745E-04,1.357970E+04,4.029120E+03,9.511224E-01,2.295300E-01 
01:15:00,8.853140E+03,0.000000E+00,6.200894E-01,0.000000E+00,1.467067E+04,0.000000E+00,1.027557E+00,0.000000E+00,8.938512E+03,0.000000E+00,6.260691E-01,0.000000E+00,2.360508E+04,0.000000E+00,1.653474E+00,0.000000E+00,2.730748E+04,0.000000E+00,1.912800E+00,0.000000E+00,6.391986E+03,0.000000E+00,4.477036E-01,0.000000E+00,1.003383E+04,0.000000E+00,7.027811E-01,0.000000E+00,6.445084E+03,0.000000E+00,4.514227E-01,0.000000E+00,9.972488E+03,4.142261E+02,6.984845E-01,2.359639E-02,6.381687E+03,3.754376E+03,4.469698E-01,2.138770E-01,8.057560E+03,0.000000E+00,5.643651E-01,0.000000E+00,1.279677E+04,0.000000E+00,8.963045E-01,0.000000E+00,8.085884E+03,0.000000E+00,5.663490E-01,0.000000E+00,1.276864E+04,5.895419E+01,8.943339E-01,3.361577E-03,1.357973E+04,4.234603E+03,9.511243E-01,2.412371E-01 
01:30:00,8.853147E+03,0.000000E+00,6.200899E-01,0.000000E+00,1.467068E+04,0.000000E+00,1.027558E+00,0.000000E+00,8.938519E+03,0.000000E+00,6.260696E-01,0.000000E+00,2.360518E+04,0.000000E+00,1.653482E+00,0.000000E+00,2.730760E+04,0.000000E+00,1.912808E+00,0.000000E+00,6.392022E+03,0.000000E+00,4.477062E-01,0.000000E+00,1.003390E+04,0.000000E+00,7.027858E-01,0.000000E+00,6.445120E+03,0.000000E+00,4.514253E-01,0.000000E+00,9.972554E+03,4.544028E+02,6.984891E-01,2.588516E-02,6.381976E+03,3.900047E+03,4.469901E-01,2.221763E-01,8.057564E+03,0.000000E+00,5.643653E-01,0.000000E+00,1.279678E+04,0.000000E+00,8.963050E-01,0.000000E+00,8.085889E+03,0.000000E+00,5.663493E-01,0.000000E+00,1.276864E+04,1.113027E+02,8.943344E-01,6.343584E-03,1.357976E+04,4.399835E+03,9.511261E-01,2.506511E-01 
01:45:00,8.853153E+03,0.000000E+00,6.200903E-01,0.000000E+00,1.467070E+04,0.000000E+00,1.027559E+00,0.000000E+00,8.938526E+03,0.000000E+00,6.260701E-01,0.000000E+00,2.360529E+04,0.000000E+00,1.653489E+00,0.000000E+00,2.730772E+04,0.000000E+00,1.912816E+00,0.000000E+00,6.392058E+03,0.000000E+00,4.477087E-01,0.000000E+00,1.003396E+04,0.000000E+00,7.027903E-01,0.000000E+00,6.445156E+03,0.000000E+00,4.514278E-01,0.000000E+00,9.972618E+03,4.879735E+02,6.984936E-01,2.779762E-02,6.382259E+03,4.028426E+03,4.470099E-01,2.294903E-01,8.057568E+03,0.000000E+00,5.643656E-01,0.000000E+00,1.279679E+04,0.000000E+00,8.963055E-01,0.000000E+00,8.085893E+03,0.000000E+00,5.663496E-01,0.000000E+00,1.276865E+04,1.801443E+02,8.943348E-01,1.026512E-02,1.357978E+04,4.530356E+03,9.511278E-01,2.580874E-01 
02:00:00,8.853159E+03,0.000000E+00,6.200908E-01,0.000000E+00,1.467071E+04,0.000000E+00,1.027560E+00,0.000000E+00,8.938532E+03,0.000000E+00,6.260705E-01,0.000000E+00,2.360538E+04,0.000000E+00,1.653496E+00,0.000000E+00,2.730783E+04,0.000000E+00,1.912824E+00,0.000000E+00,6.392092E+03,0.000000E+00,4.477111E-01,0.000000E+00,1.003403E+04,4.873255E+00,7.027947E-01,2.781594E-04,6.445190E+03,0.000000E+00,4.514302E-01,0.000000E+00,9.972680E+03,5.164138E+02,6.984979E-01,2.941782E-02,6.382535E+03,4.140136E+03,4.470292E-01,2.358547E-01,8.057572E+03,0.000000E+00,5.643659E-01,0.000000E+00,1.279679E+04,0.000000E+00,8.963059E-01,0.000000E+00,8.085896E+03,0.000000E+00,5.663498E-01,0.000000E+00,1.276866E+04,2.451430E+02,8.943353E-01,1.396449E-02,1.357980E+04,4.644917E+03,9.511294E-01,2.646145E-01 
02:15:00,8.853165E+03,0.000000E+00,6.200912E-01,0.000000E+00,1.467072E+04,0.000000E+00,1.027560E+00,0.000000E+00,8.938538E+03,0.000000E+00,6.260710E-01,0.000000E+00,2.360547E+04,0.000000E+00,1.653502E+00,0.000000E+00,2.730793E+04,0.000000E+00,1.912832E+00,0.000000E+00,6.392126E+03,0.000000E+00,4.477134E-01,0.000000E+00,1.003409E+04,2.711901E+01,7.027989E-01,1.545364E-03,6.445224E+03,6.260251E+00,4.514325E-01,3.569450E-04,9.972741E+03,5.413295E+02,6.985022E-01,3.083724E-02,6.382804E+03,4.244056E+03,4.470481E-01,2.417753E-01,8.057575E+03,0.000000E+00,5.643661E-01,0.000000E+00,1.279680E+04,0.000000E+00,8.963063E-01,0.000000E+00,8.085900E+03,0.000000E+00,5.663500E-01,0.000000E+00,1.276866E+04,2.878681E+02,8.943357E-01,1.639838E-02,1.357982E+04,4.751521E+03,9.511309E-01,2.706877E-01 
02:30:00,8.853170E+03,0.000000E+00,6.200915E-01,0.000000E+00,1.467073E+04,0.000000E+00,1.027561E+00,0.000000E+00,8.938544E+03,0.000000E+00,6.260714E-01,0.000000E+00,2.360556E+04,0.000000E+00,1.653508E+00,0.000000E+00,2.730803E+04,0.000000E+00,1.912839E+00,0.000000E+00,6.392158E+03,0.000000E+00,4.477157E-01,0.000000E+00,1.003415E+04,5.514360E+01,7.028031E-01,3.141762E-03,6.445257E+03,1.828567E+01,4.514348E-01,1.041961E-03,9.972799E+03,5.634404E+02,6.985063E-01,3.209688E-02,6.383067E+03,4.347873E+03,4.470665E-01,2.476898E-01,8.057578E+03,0.000000E+00,5.643663E-01,0.000000E+00,1.279680E+04,1.787671E+01,8.963067E-01,1.019763E-03,8.085903E+03,0.000000E+00,5.663503E-01,0.000000E+00,1.276867E+04,3.302663E+02,8.943360E-01,1.881366E-02,1.357984E+04,4.862024E+03,9.511323E-01,2.769828E-01 
02:45:00,8.853175E+03,0.000000E+00,6.200919E-01,0.000000E+00,1.467074E+04,0.000000E+00,1.027562E+00,0.000000E+00,8.938550E+03,0.000000E+00,6.260718E-01,0.000000E+00,2.360564E+04,0.000000E+00,1.653514E+00,0.000000E+00,2.730813E+04,0.000000E+00,1.912845E+00,0.000000E+00,6.392190E+03,0.000000E+00,4.477179E-01,0.000000E+00,1.003420E+04,9.442208E+01,7.028071E-01,5.379235E-03,6.445288E+03,3.456014E+01,4.514371E-01,1.969023E-03,9.972857E+03,5.832018E+02,6.985103E-01,3.322268E-02,6.383323E+03,4.455190E+03,4.470845E-01,2.538034E-01,8.057581E+03,0.000000E+00,5.643665E-01,0.000000E+00,1.279681E+04,4.837080E+01,8.963071E-01,2.756838E-03,8.085906E+03,0.000000E+00,5.663505E-01,0.000000E+00,1.276867E+04,3.619323E+02,8.943364E-01,2.061760E-02,1.357986E+04,4.982615E+03,9.511336E-01,2.838520E-01 
03:00:00,8.853180E+03,0.000000E+00,6.200922E-01,0.000000E+00,1.467075E+04,0.000000E+00,1.027563E+00,0.000000E+00,8.938556E+03,0.000000E+00,6.260722E-01,0.000000E+00,2.360572E+04,0.000000E+00,1.653519E+00,0.000000E+00,2.730821E+04,0.000000E+00,1.912851E+00,0.000000E+00,6.392220E+03,0.000000E+00,4.477200E-01,0.000000E+00,1.003426E+04,1.374725E+02,7.028111E-01,7.831028E-03,6.445319E+03,5.584433E+01,4.514392E-01,3.181462E-03,9.972913E+03,6.007990E+02,6.985142E-01,3.422520E-02,6.383574E+03,4.570852E+03,4.471020E-01,2.603921E-01,8.057583E+03,0.000000E+00,5.643667E-01,0.000000E+00,1.279681E+04,8.794928E+01,8.963074E-01,5.011403E-03,8.085908E+03,0.000000E+00,5.663506E-01,0.000000E+00,1.276868E+04,3.880593E+02,8.943367E-01,2.210600E-02,1.357988E+04,5.103785E+03,9.511348E-01,2.907539E-01 
03:15:00,8.853185E+03,0.000000E+00,6.200926E-01,0.000000E+00,1.467076E+04,0.000000E+00,1.027563E+00,0.000000E+00,8.938561E+03,0.000000E+00,6.260725E-01,0.000000E+00,2.360579E+04,0.000000E+00,1.653524E+00,0.000000E+00,2.730830E+04,0.000000E+00,1.912857E+00,0.000000E+00,6.392250E+03,0.000000E+00,4.477221E-01,0.000000E+00,1.003431E+04,1.716144E+02,7.028149E-01,9.775936E-03,6.445349E+03,7.531519E+01,4.514413E-01,4.290278E-03,9.972967E+03,6.168055E+02,6.985180E-01,3.513709E-02,6.383819E+03,4.691223E+03,4.471192E-01,2.672489E-01,8.057585E+03,0.000000E+00,5.643668E-01,0.000000E+00,1.279682E+04,1.380874E+02,8.963077E-01,7.867501E-03,8.085911E+03,0.000000E+00,5.663508E-01,0.000000E+00,1.276868E+04,4.097431E+02,8.943370E-01,2.334130E-02,1.357990E+04,5.226221E+03,9.511360E-01,2.977281E-01 
03:30:00,8.853189E+03,0.000000E+00,6.200929E-01,0.000000E+00,1.467077E+04,0.000000E+00,1.027564E+00,0.000000E+00,8.938566E+03,0.000000E+00,6.260729E-01,0.000000E+00,2.360586E+04,0.000000E+00,1.653529E+00,0.000000E+00,2.730838E+04,0.000000E+00,1.912863E+00,0.000000E+00,6.392279E+03,0.000000E+00,4.477242E-01,0.000000E+00,1.003437E+04,2.077968E+02,7.028186E-01,1.183709E-02,6.445379E+03,9.309487E+01,4.514434E-01,5.303101E-03,9.973020E+03,6.319759E+02,6.985217E-01,3.600135E-02,6.384058E+03,4.811088E+03,4.471359E-01,2.740769E-01,8.057588E+03,0.000000E+00,5.643670E-01,0.000000E+00,1.279682E+04,1.782347E+02,8.963080E-01,1.015307E-02,8.085913E+03,7.370953E+00,5.663510E-01,4.201798E-04,1.276868E+04,4.276927E+02,8.943372E-01,2.436387E-02,1.357991E+04,5.345782E+03,9.511372E-01,3.045385E-01 
03:45:00,8.853194E+03,0.000000E+00,6.200932E-01,0.000000E+00,1.467078E+04,0.000000E+00,1.027564E+00,0.000000E+00,8.938571E+03,0.000000E+00,6.260732E-01,0.000000E+00,2.360592E+04,0.000000E+00,1.653533E+00,0.000000E+00,2.730846E+04,0.000000E+00,1.912868E+00,0.000000E+00,6.392307E+03,0.000000E+00,4.477261E-01,0.000000E+00,1.003442E+04,2.399611E+02,7.028223E-01,1.366937E-02,6.445407E+03,1.103645E+02,4.514454E-01,6.286875E-03,9.973071E+03,6.467548E+02,6.985253E-01,3.684330E-02,6.384291E+03,4.929466E+03,4.471523E-01,2.808204E-01,8.057590E+03,0.000000E+00,5.643671E-01,0.000000E+00,1.279682E+04,2.124410E+02,8.963082E-01,1.210167E-02,8.085915E+03,1.873785E+01,5.663511E-01,1.067685E-03,1.276869E+04,4.433724E+02,8.943375E-01,2.525713E-02,1.357993E+04,5.461340E+03,9.511382E-01,3.111210E-01 
04:00:00,8.853198E+03,0.000000E+00,6.200935E-01,0.000000E+00,1.467079E+04,0.000000E+00,1.027565E+00,0.000000E+00,8.938575E+03,0.000000E+00,6.260736E-01,0.000000E+00,2.360598E+04,0.000000E+00,1.653538E+00,0.000000E+00,2.730853E+04,0.000000E+00,1.912873E+00,0.000000E+00,6.392335E+03,0.000000E+00,4.477281E-01,0.000000E+00,1.003447E+04,2.701790E+02,7.028258E-01,1.539079E-02,6.445435E+03,1.260628E+02,4.514473E-01,7.181149E-03,9.973121E+03,6.616789E+02,6.985288E-01,3.769351E-02,6.384519E+03,5.045562E+03,4.471682E-01,2.874339E-01,8.057591E+03,0.000000E+00,5.643672E-01,0.000000E+00,1.279683E+04,2.432111E+02,8.963085E-01,1.385453E-02,8.085917E+03,3.373783E+01,5.663512E-01,1.922147E-03,1.276869E+04,4.574829E+02,8.943377E-01,2.606099E-02,1.357994E+04,5.572360E+03,9.511392E-01,3.174451E-01 
04:15:00,8.853202E+03,0.000000E+00,6.200937E-01,0.000000E+00,1.467079E+04,0.000000E+00,1.027566E+00,0.000000E+00,8.938580E+03,0.000000E+00,6.260739E-01,0.000000E+00,2.360604E+04,0.000000E+00,1.653542E+00,0.000000E+00,2.730860E+04,0.000000E+00,1.912878E+00,0.000000E+00,6.392362E+03,3.416408E-01,4.477299E-01,1.949761E-05,1.003452E+04,2.993163E+02,7.028292E-01,1.705066E-02,6.445462E+03,1.412318E+02,4.514492E-01,8.045274E-03,9.973170E+03,6.773398E+02,6.985322E-01,3.858569E-02,6.384742E+03,5.159021E+03,4.471838E-01,2.938972E-01,8.057593E+03,0.000000E+00,5.643674E-01,0.000000E+00,1.279683E+04,2.694784E+02,8.963087E-01,1.535091E-02,8.085918E+03,5.309483E+01,5.663514E-01,3.024807E-03,1.276869E+04,4.713319E+02,8.943379E-01,2.684995E-02,1.357996E+04,5.678970E+03,9.511402E-01,3.235179E-01 
04:30:00,8.853205E+03,0.000000E+00,6.200940E-01,0.000000E+00,1.467080E+04,0.000000E+00,1.027566E+00,0.000000E+00,8.938584E+03,0.000000E+00,6.260742E-01,0.000000E+00,2.360609E+04,0.000000E+00,1.653546E+00,0.000000E+00,2.730866E+04,0.000000E+00,1.912883E+00,0.000000E+00,6.392387E+03,1.041085E+01,4.477317E-01,5.930774E-04,1.003457E+04,3.275559E+02,7.028326E-01,1.865940E-02,6.445488E+03,1.560023E+02,4.514510E-01,8.886702E-03,9.973217E+03,6.934462E+02,6.985355E-01,3.950324E-02,6.384960E+03,5.269067E+03,4.471991E-01,3.001662E-01,8.057594E+03,7.774009E+00,5.643675E-01,4.429903E-04,1.279683E+04,2.931891E+02,8.963089E-01,1.670165E-02,8.085920E+03,6.856589E+01,5.663515E-01,3.905813E-03,1.276870E+04,4.855359E+02,8.943381E-01,2.765913E-02,1.357997E+04,5.780983E+03,9.511411E-01,3.293289E-01 
04:45:00,8.853209E+03,0.000000E+00,6.200942E-01,0.000000E+00,1.467081E+04,0.000000E+00,1.027567E+00,0.000000E+00,8.938588E+03,0.000000E+00,6.260744E-01,0.000000E+00,2.360615E+04,0.000000E+00,1.653549E+00,0.000000E+00,2.730873E+04,0.000000E+00,1.912887E+00,0.000000E+00,6.392413E+03,2.379578E+01,4.477335E-01,1.355539E-03,1.003461E+04,3.570700E+02,7.028358E-01,2.034076E-02,6.445513E+03,1.706185E+02,4.514528E-01,9.719346E-03,9.973263E+03,7.102126E+02,6.985388E-01,4.045840E-02,6.385172E+03,5.375062E+03,4.472139E-01,3.062044E-01,8.057596E+03,1.969893E+01,5.643676E-01,1.122283E-03,1.279684E+04,3.174922E+02,8.963091E-01,1.808614E-02,8.085921E+03,8.332985E+01,5.663516E-01,4.746847E-03,1.276870E+04,5.000028E+02,8.943383E-01,2.848328E-02,1.357998E+04,5.879083E+03,9.511419E-01,3.349171E-01 
05:00:00,8.853212E+03,0.000000E+00,6.200945E-01,0.000000E+00,1.467082E+04,0.000000E+00,1.027567E+00,0.000000E+00,8.938592E+03,0.000000E+00,6.260747E-01,0.000000E+00,2.360619E+04,0.000000E+00,1.653553E+00,0.000000E+00,2.730879E+04,0.000000E+00,1.912891E+00,0.000000E+00,6.392437E+03,4.478949E+01,4.477352E-01,2.551432E-03,1.003466E+04,3.886654E+02,7.028390E-01,2.214070E-02,6.445538E+03,1.853036E+02,4.514545E-01,1.055592E-02,9.973308E+03,7.279039E+02,6.985419E-01,4.146625E-02,6.385380E+03,5.475191E+03,4.472285E-01,3.119084E-01,8.057597E+03,3.810415E+01,5.643676E-01,2.170723E-03,1.279684E+04,3.466122E+02,8.963092E-01,1.974504E-02,8.085923E+03,9.770639E+01,5.663517E-01,5.565816E-03,1.276870E+04,5.153536E+02,8.943384E-01,2.935778E-02,1.357999E+04,5.975053E+03,9.511427E-01,3.403840E-01 
05:15:00,8.853215E+03,0.000000E+00,6.200947E-01,0.000000E+00,1.467082E+04,0.000000E+00,1.027568E+00,0.000000E+00,8.938595E+03,0.000000E+00,6.260750E-01,0.000000E+00,2.360624E+04,0.000000E+00,1.653556E+00,0.000000E+00,2.730884E+04,0.000000E+00,1.912895E+00,0.000000E+00,6.392461E+03,7.311397E+01,4.477369E-01,4.164892E-03,1.003470E+04,4.261934E+02,7.028421E-01,2.427861E-02,6.445562E+03,2.004879E+02,4.514562E-01,1.142094E-02,9.973352E+03,7.472351E+02,6.985450E-01,4.256753E-02,6.385582E+03,5.573639E+03,4.472427E-01,3.175169E-01,8.057598E+03,6.398327E+01,5.643677E-01,3.644917E-03,1.279684E+04,3.836947E+02,8.963094E-01,2.185756E-02,8.085924E+03,1.119633E+02,5.663517E-01,6.377978E-03,1.276870E+04,5.326888E+02,8.943386E-01,3.034534E-02,1.358000E+04,6.070885E+03,9.511435E-01,3.458429E-01 
05:30:00,8.853218E+03,0.000000E+00,6.200949E-01,0.000000E+00,1.467083E+04,0.000000E+00,1.027568E+00,0.000000E+00,8.938599E+03,0.000000E+00,6.260752E-01,0.000000E+00,2.360628E+04,0.000000E+00,1.653559E+00,0.000000E+00,2.730890E+04,0.000000E+00,1.912899E+00,0.000000E+00,6.392485E+03,9.884427E+01,4.477385E-01,5.630636E-03,1.003475E+04,4.701129E+02,7.028451E-01,2.678066E-02,6.445586E+03,2.168641E+02,4.514579E-01,1.235387E-02,9.973394E+03,7.684536E+02,6.985480E-01,4.377632E-02,6.385780E+03,5.672490E+03,4.472565E-01,3.231482E-01,8.057599E+03,8.884831E+01,5.643678E-01,5.061211E-03,1.279684E+04,4.297170E+02,8.963095E-01,2.447937E-02,8.085925E+03,1.276130E+02,5.663518E-01,7.269486E-03,1.276871E+04,5.527206E+02,8.943387E-01,3.148651E-02,1.358001E+04,6.168426E+03,9.511442E-01,3.513993E-01 
05:45:00,8.853221E+03,0.000000E+00,6.200951E-01,0.000000E+00,1.467084E+04,0.000000E+00,1.027568E+00,0.000000E+00,8.938602E+03,0.000000E+00,6.260754E-01,0.000000E+00,2.360633E+04,0.000000E+00,1.653562E+00,0.000000E+00,2.730895E+04,0.000000E+00,1.912903E+00,0.000000E+00,6.392507E+03,1.422357E+02,4.477401E-01,8.102470E-03,1.003479E+04,5.685851E+02,7.028480E-01,3.239042E-02,6.445608E+03,2.376035E+02,4.514595E-01,1.353535E-02,9.973436E+03,7.952461E+02,6.985509E-01,4.530265E-02,6.385973E+03,5.778906E+03,4.472701E-01,3.292103E-01,8.057600E+03,1.355851E+02,5.643679E-01,7.723605E-03,1.279685E+04,5.477440E+02,8.963096E-01,3.120310E-02,8.085926E+03,1.498989E+02,5.663519E-01,8.539035E-03,1.276871E+04,5.824793E+02,8.943388E-01,3.318180E-02,1.358002E+04,6.277555E+03,9.511449E-01,3.576159E-01 
06:00:00,8.853224E+03,0.000000E+00,6.200953E-01,0.000000E+00,1.467084E+04,0.000000E+00,1.027569E+00,0.000000E+00,8.938605E+03,0.000000E+00,6.260757E-01,0.000000E+00,2.360636E+04,0.000000E+00,1.653564E+00,0.000000E+00,2.730900E+04,0.000000E+00,1.912906E+00,0.000000E+00,6.392529E+03,2.029214E+02,4.477417E-01,1.155956E-02,1.003483E+04,7.628358E+02,7.028509E-01,4.345676E-02,6.445631E+03,2.654297E+02,4.514610E-01,1.512052E-02,9.973476E+03,8.293830E+02,6.985537E-01,4.724727E-02,6.386162E+03,5.908339E+03,4.472833E-01,3.365827E-01,8.057601E+03,2.096336E+02,5.643679E-01,1.194195E-02,1.279685E+04,7.854149E+02,8.963098E-01,4.474318E-02,8.085927E+03,1.846005E+02,5.663520E-01,1.051587E-02,1.276871E+04,6.287443E+02,8.943389E-01,3.581736E-02,1.358003E+04,6.419811E+03,9.511456E-01,3.657186E-01 
06:15:00,8.755094E+03,0.000000E+00,6.132221E-01,0.000000E+00,1.450468E+04,0.000000E+00,1.015931E+00,0.000000E+00,8.840476E+03,0.000000E+00,6.192025E-01,0.000000E+00,2.341391E+04,0.000000E+00,1.640083E+00,0.000000E+00,2.676216E+04,0.000000E+00,1.874602E+00,0.000000E+00,6.294372E+03,1.708233E+03,4.408666E-01,1.064496E-01,9.868623E+03,3.896203E+03,6.912097E-01,2.487509E-01,6.347474E+03,1.751492E+03,4.445860E-01,1.090616E-01,9.807270E+03,3.148652E+03,6.869124E-01,1.933319E-01,5.912945E+03,1.280929E+04,4.141394E-01,7.894989E-01,7.959377E+03,1.728399E+03,5.574881E-01,1.077785E-01,1.263053E+04,3.911894E+03,8.846604E-01,2.493202E-01,7.987703E+03,1.687745E+03,5.594722E-01,1.053389E-01,1.260239E+04,3.117887E+03,8.826895E-01,1.936387E-01,1.310642E+04,1.367072E+04,9.179736E-01,8.466352E-01 
06:30:00,8.656948E+03,0.000000E+00,6.063482E-01,0.000000E+00,1.433849E+04,1.876663E+01,1.004291E+00,1.682863E-03,8.742331E+03,0.000000E+00,6.123286E-01,0.000000E+00,2.322145E+04,0.000000E+00,1.626602E+00,0.000000E+00,2.621534E+04,0.000000E+00,1.836300E+00,0.000000E+00,6.196193E+03,3.335548E+03,4.339904E-01,2.494935E-01,9.702378E+03,7.008028E+03,6.795665E-01,5.237714E-01,6.249295E+03,3.274536E+03,4.377098E-01,2.437831E-01,9.641026E+03,5.622056E+03,6.752692E-01,4.151430E-01,5.439207E+03,1.863692E+04,3.809616E-01,1.340795E+00,7.861135E+03,3.361084E+03,5.506075E-01,2.511778E-01,1.246417E+04,7.103231E+03,8.730095E-01,5.309384E-01,7.889461E+03,3.182211E+03,5.525916E-01,2.369085E-01,1.243603E+04,5.519871E+03,8.710386E-01,4.076075E-01,1.263259E+04,1.938532E+04,8.847895E-01,1.391591E+00 
06:45:00,8.558732E+03,0.000000E+00,5.994727E-01,0.000000E+00,1.417218E+04,2.176246E+02,9.926491E-01,1.939663E-02,8.644115E+03,0.000000E+00,6.054532E-01,0.000000E+00,2.302906E+04,0.000000E+00,1.613127E+00,0.000000E+00,2.566861E+04,0.000000E+00,1.798005E+00,0.000000E+00,6.097948E+03,4.822456E+03,4.271118E-01,3.837502E-01,9.536023E+03,9.947317E+03,6.679189E-01,7.919113E-01,6.151050E+03,4.677502E+03,4.308313E-01,3.709526E-01,9.474670E+03,7.886670E+03,6.636216E-01,6.236075E-01,4.965627E+03,2.406852E+04,3.477955E-01,1.872282E+00,7.762820E+03,4.811267E+03,5.437247E-01,3.822238E-01,1.229769E+04,1.005233E+04,8.613546E-01,8.001910E-01,7.791146E+03,4.522285E+03,5.457088E-01,3.578228E-01,1.226956E+04,7.654212E+03,8.593837E-01,6.028545E-01,1.215863E+04,2.445620E+04,8.515986E-01,1.894991E+00 
07:00:00,8.460470E+03,0.000000E+00,5.925976E-01,0.000000E+00,1.400579E+04,4.457762E+02,9.810073E-01,3.972464E-02,8.545853E+03,0.000000E+00,5.985782E-01,0.000000E+00,2.283669E+04,0.000000E+00,1.599654E+00,0.000000E+00,2.512195E+04,0.000000E+00,1.759717E+00,0.000000E+00,5.999652E+03,6.085358E+03,4.202322E-01,4.988793E-01,9.369579E+03,1.257925E+04,6.562692E-01,1.036113E+00,6.052754E+03,5.887845E+03,4.239517E-01,4.813282E-01,9.308226E+03,9.828820E+03,6.519718E-01,8.037704E-01,4.491899E+03,2.872968E+04,3.146196E-01,2.336735E+00,7.664449E+03,6.004823E+03,5.368412E-01,4.915208E-01,1.213112E+04,1.264671E+04,8.496980E-01,1.042110E+00,7.692775E+03,5.644042E+03,5.388253E-01,4.598136E-01,1.210298E+04,9.421616E+03,8.477271E-01,7.661089E-01,1.168443E+04,2.862255E+04,8.183950E-01,2.319787E+00 
07:15:00,8.460320E+03,0.000000E+00,5.925963E-01,0.000000E+00,1.400553E+04,7.768215E+02,9.810047E-01,6.922159E-02,8.545704E+03,0.000000E+00,5.985770E-01,0.000000E+00,2.283677E+04,0.000000E+00,1.599661E+00,0.000000E+00,2.512216E+04,0.000000E+00,1.759736E+00,0.000000E+00,5.999510E+03,5.807485E+03,4.202289E-01,5.142537E-01,9.369335E+03,1.225279E+04,6.562627E-01,1.084807E+00,6.052612E+03,5.572018E+03,4.239484E-01,4.934366E-01,9.307982E+03,9.366903E+03,6.519653E-01,8.293983E-01,4.491483E+03,2.632820E+04,3.145947E-01,2.330563E+00,7.664269E+03,5.643139E+03,5.368371E-01,4.995912E-01,1.213081E+04,1.233510E+04,8.496899E-01,1.091923E+00,7.692596E+03,5.219922E+03,5.388212E-01,4.621934E-01,1.210267E+04,8.609583E+03,8.477190E-01,7.622026E-01,1.168367E+04,2.532710E+04,8.183548E-01,2.241142E+00 
07:30:00,8.460172E+03,0.000000E+00,5.925952E-01,0.000000E+00,1.400528E+04,1.163395E+03,9.810025E-01,1.036606E-01,8.545556E+03,0.000000E+00,5.985760E-01,0.000000E+00,2.283676E+04,0.000000E+00,1.599662E+00,0.000000E+00,2.512226E+04,0.000000E+00,1.759748E+00,0.000000E+00,5.999373E+03,5.339254E+03,4.202261E-01,4.756105E-01,9.369103E+03,1.194966E+04,6.562572E-01,1.064363E+00,6.052475E+03,5.178584E+03,4.239456E-01,4.612985E-01,9.307750E+03,8.678185E+03,6.519597E-01,7.730225E-01,4.491505E+03,2.480569E+04,3.145984E-01,2.209546E+00,7.664084E+03,5.092631E+03,5.368325E-01,4.536400E-01,1.213049E+04,1.197481E+04,8.496814E-01,1.066595E+00,7.692411E+03,4.762548E+03,5.388167E-01,4.242444E-01,1.210235E+04,7.808713E+03,8.477104E-01,6.955805E-01,1.168300E+04,2.335490E+04,8.183191E-01,2.080297E+00 
07:45:00,8.460083E+03,0.000000E+00,5.925948E-01,0.000000E+00,1.400513E+04,1.416349E+03,9.810018E-01,1.262128E-01,8.545468E+03,0.000000E+00,5.985757E-01,0.000000E+00,2.283660E+04,0.000000E+00,1.599652E+00,0.000000E+00,2.512218E+04,0.000000E+00,1.759746E+00,0.000000E+00,5.999289E+03,4.953772E+03,4.202247E-01,4.412923E-01,9.368960E+03,1.176262E+04,6.562547E-01,1.047800E+00,6.052391E+03,4.875946E+03,4.239443E-01,4.343593E-01,9.307606E+03,8.141053E+03,6.519571E-01,7.252168E-01,4.491296E+03,2.352227E+04,3.145858E-01,2.095391E+00,7.663952E+03,4.661556E+03,5.368287E-01,4.152599E-01,1.213026E+04,1.180377E+04,8.496745E-01,1.051462E+00,7.692278E+03,4.433128E+03,5.388129E-01,3.949144E-01,1.210213E+04,7.221470E+03,8.477035E-01,6.433013E-01,1.168236E+04,2.187528E+04,8.182839E-01,1.948663E+00 
08:00:00,8.460029E+03,0.000000E+00,5.925932E-01,0.000000E+00,1.400503E+04,1.677231E+03,9.809992E-01,1.494672E-01,8.545414E+03,0.000000E+00,5.985741E-01,0.000000E+00,2.283634E+04,0.000000E+00,1.599634E+00,0.000000E+00,2.512195E+04,0.000000E+00,1.759731E+00,0.000000E+00,5.999242E+03,4.747880E+03,4.202234E-01,4.229456E-01,9.368885E+03,1.178600E+04,6.562529E-01,1.049899E+00,6.052344E+03,4.760335E+03,4.239431E-01,4.240563E-01,9.307531E+03,7.883542E+03,6.519552E-01,7.022759E-01,4.491169E+03,2.286761E+04,3.145787E-01,2.037097E+00,7.663857E+03,4.439109E+03,5.368241E-01,3.954390E-01,1.213011E+04,1.188624E+04,8.496671E-01,1.058827E+00,7.692184E+03,4.322121E+03,5.388083E-01,3.850202E-01,1.210197E+04,6.963802E+03,8.476961E-01,6.203442E-01,1.168186E+04,2.117313E+04,8.182561E-01,1.886142E+00 
08:15:00,8.459987E+03,0.000000E+00,5.925905E-01,0.000000E+00,1.400496E+04,1.869728E+03,9.809949E-01,1.666251E-01,8.545372E+03,0.000000E+00,5.985715E-01,0.000000E+00,2.283607E+04,0.000000E+00,1.599614E+00,0.000000E+00,2.512166E+04,0.000000E+00,1.759710E+00,0.000000E+00,5.999209E+03,4.618462E+03,4.202216E-01,4.114146E-01,9.368838E+03,1.183251E+04,6.562505E-01,1.054049E+00,6.052311E+03,4.735721E+03,4.239412E-01,4.218617E-01,9.307483E+03,7.718598E+03,6.519528E-01,6.875796E-01,4.491077E+03,2.240201E+04,3.145737E-01,1.995621E+00,7.663780E+03,4.317122E+03,5.368190E-01,3.845708E-01,1.212998E+04,1.201312E+04,8.496590E-01,1.070137E+00,7.692107E+03,4.328261E+03,5.388033E-01,3.855652E-01,1.210184E+04,6.836106E+03,8.476880E-01,6.089669E-01,1.168148E+04,2.076240E+04,8.182332E-01,1.849559E+00 
08:30:00,8.459951E+03,0.000000E+00,5.925879E-01,0.000000E+00,1.400490E+04,2.019308E+03,9.809906E-01,1.799515E-01,8.545336E+03,0.000000E+00,5.985688E-01,0.000000E+00,2.283580E+04,0.000000E+00,1.599596E+00,0.000000E+00,2.512136E+04,0.000000E+00,1.759690E+00,0.000000E+00,5.999181E+03,4.542215E+03,4.202196E-01,4.046240E-01,9.368800E+03,1.188502E+04,6.562479E-01,1.058730E+00,6.052284E+03,4.787736E+03,4.239393E-01,4.264966E-01,9.307445E+03,7.606955E+03,6.519502E-01,6.776355E-01,4.491014E+03,2.204250E+04,3.145704E-01,1.963597E+00,7.663714E+03,4.267553E+03,5.368144E-01,3.801570E-01,1.212988E+04,1.215758E+04,8.496515E-01,1.083011E+00,7.692041E+03,4.433706E+03,5.387986E-01,3.949603E-01,1.210174E+04,6.788612E+03,8.476805E-01,6.047381E-01,1.168118E+04,2.052775E+04,8.182142E-01,1.828661E+00 
08:45:00,8.459921E+03,0.000000E+00,5.925858E-01,0.000000E+00,1.400486E+04,2.145304E+03,9.809871E-01,1.911706E-01,8.545307E+03,1.319057E+01,5.985668E-01,1.198910E-03,2.283556E+04,0.000000E+00,1.599578E+00,0.000000E+00,2.512109E+04,0.000000E+00,1.759671E+00,0.000000E+00,5.999159E+03,4.496850E+03,4.202180E-01,4.005842E-01,9.368770E+03,1.194118E+04,6.562457E-01,1.063734E+00,6.052261E+03,4.906615E+03,4.239377E-01,4.370881E-01,9.307414E+03,7.533806E+03,6.519480E-01,6.711210E-01,4.490974E+03,2.175602E+04,3.145686E-01,1.938081E+00,7.663659E+03,4.263456E+03,5.368105E-01,3.797937E-01,1.212979E+04,1.231322E+04,8.496453E-01,1.096878E+00,7.691986E+03,4.626000E+03,5.387947E-01,4.120922E-01,1.210165E+04,6.799549E+03,8.476743E-01,6.057146E-01,1.168094E+04,2.041589E+04,8.181985E-01,1.818702E+00 
09:00:00,8.459897E+03,0.000000E+00,5.925842E-01,0.000000E+00,1.400482E+04,2.251149E+03,9.809845E-01,2.005917E-01,8.545283E+03,9.868571E+01,5.985652E-01,8.814944E-03,2.283532E+04,0.000000E+00,1.599562E+00,0.000000E+00,2.512085E+04,0.000000E+00,1.759654E+00,0.000000E+00,5.999141E+03,4.466839E+03,4.202168E-01,3.979111E-01,9.368747E+03,1.199456E+04,6.562441E-01,1.068489E+00,6.052244E+03,5.066915E+03,4.239365E-01,4.513688E-01,9.307391E+03,7.486243E+03,6.519464E-01,6.668850E-01,4.490956E+03,2.152150E+04,3.145680E-01,1.917193E+00,7.663614E+03,4.284701E+03,5.368074E-01,3.816870E-01,1.212972E+04,1.247100E+04,8.496403E-01,1.110931E+00,7.691941E+03,4.875506E+03,5.387916E-01,4.343199E-01,1.210158E+04,6.850313E+03,8.476693E-01,6.102380E-01,1.168074E+04,2.039210E+04,8.181856E-01,1.816588E+00 
09:15:00,8.459878E+03,0.000000E+00,5.925829E-01,0.000000E+00,1.400479E+04,2.335882E+03,9.809825E-01,2.081317E-01,8.545265E+03,2.073464E+02,5.985640E-01,1.849624E-02,2.283510E+04,0.000000E+00,1.599547E+00,0.000000E+00,2.512062E+04,0.000000E+00,1.759638E+00,0.000000E+00,5.999128E+03,4.446547E+03,4.202159E-01,3.961036E-01,9.368730E+03,1.203252E+04,6.562430E-01,1.071869E+00,6.052231E+03,5.245921E+03,4.239356E-01,4.673154E-01,9.307373E+03,7.456859E+03,6.519453E-01,6.642679E-01,4.490954E+03,2.132361E+04,3.145686E-01,1.899565E+00,7.663576E+03,4.322262E+03,5.368048E-01,3.850333E-01,1.212966E+04,1.261448E+04,8.496362E-01,1.123712E+00,7.691904E+03,5.154568E+03,5.387891E-01,4.591800E-01,1.210152E+04,6.929266E+03,8.476651E-01,6.172721E-01,1.168059E+04,2.043062E+04,8.181750E-01,1.820021E+00 
09:30:00,8.459862E+03,0.000000E+00,5.925818E-01,0.000000E+00,1.400476E+04,2.398199E+03,9.809807E-01,2.136751E-01,8.545250E+03,3.592593E+02,5.985629E-01,3.203233E-02,2.283489E+04,0.000000E+00,1.599532E+00,0.000000E+00,2.512041E+04,0.000000E+00,1.759623E+00,0.000000E+00,5.999117E+03,4.433071E+03,4.202152E-01,3.949033E-01,9.368718E+03,1.204623E+04,6.562422E-01,1.073090E+00,6.052221E+03,5.428642E+03,4.239350E-01,4.835926E-01,9.307361E+03,7.440471E+03,6.519444E-01,6.628084E-01,4.490966E+03,2.115148E+04,3.145699E-01,1.884233E+00,7.663545E+03,4.370825E+03,5.368026E-01,3.893596E-01,1.212960E+04,1.273081E+04,8.496327E-01,1.134074E+00,7.691872E+03,5.443437E+03,5.387869E-01,4.849133E-01,1.210147E+04,7.027912E+03,8.476616E-01,6.260602E-01,1.168046E+04,2.051184E+04,8.181661E-01,1.827259E+00 
09:45:00,8.459849E+03,0.000000E+00,5.925809E-01,0.000000E+00,1.400474E+04,2.435476E+03,9.809792E-01,2.169886E-01,8.545236E+03,5.301752E+02,5.985620E-01,4.724044E-02,2.283470E+04,0.000000E+00,1.599518E+00,0.000000E+00,2.512021E+04,0.000000E+00,1.759609E+00,0.000000E+00,5.999109E+03,4.426290E+03,4.202147E-01,3.942993E-01,9.368709E+03,1.202801E+04,6.562416E-01,1.071467E+00,6.052213E+03,5.604774E+03,4.239344E-01,4.992827E-01,9.307352E+03,7.436300E+03,6.519438E-01,6.624373E-01,4.490989E+03,2.099742E+04,3.145720E-01,1.870510E+00,7.663518E+03,4.428845E+03,5.368007E-01,3.945284E-01,1.212956E+04,1.280749E+04,8.496296E-01,1.140904E+00,7.691845E+03,5.727201E+03,5.387850E-01,5.101912E-01,1.210142E+04,7.143321E+03,8.476586E-01,6.363415E-01,1.168035E+04,2.062057E+04,8.181587E-01,1.836946E+00 
10:00:00,8.459836E+03,0.000000E+00,5.925800E-01,0.000000E+00,1.400472E+04,2.450362E+03,9.809778E-01,2.183086E-01,8.545225E+03,6.587422E+02,5.985612E-01,5.870212E-02,2.283451E+04,0.000000E+00,1.599505E+00,0.000000E+00,2.512003E+04,0.000000E+00,1.759596E+00,0.000000E+00,5.999103E+03,4.423936E+03,4.202142E-01,3.940899E-01,9.368702E+03,1.198050E+04,6.562412E-01,1.067233E+00,6.052207E+03,5.770476E+03,4.239340E-01,5.140434E-01,9.307345E+03,7.440191E+03,6.519433E-01,6.627842E-01,4.491021E+03,2.085603E+04,3.145746E-01,1.857915E+00,7.663495E+03,4.492747E+03,5.367991E-01,4.002211E-01,1.212952E+04,1.284578E+04,8.496270E-01,1.144314E+00,7.691822E+03,5.998961E+03,5.387834E-01,5.343994E-01,1.210138E+04,7.269272E+03,8.476559E-01,6.475618E-01,1.168025E+04,2.074612E+04,8.181523E-01,1.848131E+00 
10:15:00,8.459826E+03,0.000000E+00,5.925793E-01,0.000000E+00,1.400470E+04,2.444825E+03,9.809766E-01,2.178103E-01,8.545214E+03,7.907155E+02,5.985604E-01,7.046714E-02,2.283434E+04,0.000000E+00,1.599493E+00,0.000000E+00,2.511985E+04,0.000000E+00,1.759584E+00,0.000000E+00,5.999098E+03,4.424343E+03,4.202139E-01,3.941264E-01,9.368698E+03,1.190557E+04,6.562408E-01,1.060558E+00,6.052202E+03,5.924287E+03,4.239336E-01,5.277447E-01,9.307340E+03,7.449091E+03,6.519430E-01,6.635774E-01,4.491061E+03,2.072378E+04,3.145776E-01,1.846134E+00,7.663475E+03,4.559640E+03,5.367977E-01,4.061802E-01,1.212949E+04,1.284740E+04,8.496247E-01,1.144457E+00,7.691802E+03,6.255500E+03,5.387819E-01,5.572516E-01,1.210135E+04,7.400702E+03,8.476536E-01,6.592700E-01,1.168017E+04,2.088085E+04,8.181467E-01,1.860134E+00 
10:30:00,8.459816E+03,0.000000E+00,5.925786E-01,0.000000E+00,1.400469E+04,2.419966E+03,9.809755E-01,2.155919E-01,8.545205E+03,9.042151E+02,5.985598E-01,8.058563E-02,2.283418E+04,0.000000E+00,1.599482E+00,0.000000E+00,2.511969E+04,0.000000E+00,1.759573E+00,0.000000E+00,5.999094E+03,4.426635E+03,4.202136E-01,3.943307E-01,9.368695E+03,1.180454E+04,6.562406E-01,1.051558E+00,6.052199E+03,6.067407E+03,4.239334E-01,5.404936E-01,9.307337E+03,7.461350E+03,6.519427E-01,6.646697E-01,4.491105E+03,2.059832E+04,3.145809E-01,1.834959E+00,7.663457E+03,4.627678E+03,5.367964E-01,4.122411E-01,1.212946E+04,1.281347E+04,8.496227E-01,1.141434E+00,7.691784E+03,6.496903E+03,5.387807E-01,5.787552E-01,1.210132E+04,7.534315E+03,8.476516E-01,6.711726E-01,1.168010E+04,2.101904E+04,8.181419E-01,1.872444E+00 
10:45:00,8.459807E+03,0.000000E+00,5.925779E-01,0.000000E+00,1.400467E+04,2.383553E+03,9.809745E-01,2.123453E-01,8.545196E+03,1.007915E+03,5.985592E-01,8.982806E-02,2.283403E+04,0.000000E+00,1.599472E+00,0.000000E+00,2.511954E+04,0.000000E+00,1.759562E+00,0.000000E+00,5.999091E+03,4.428527E+03,4.202134E-01,3.944994E-01,9.368692E+03,1.168815E+04,6.562405E-01,1.041190E+00,6.052196E+03,6.202898E+03,4.239332E-01,5.525627E-01,9.307334E+03,7.473077E+03,6.519426E-01,6.657146E-01,4.491154E+03,2.047824E+04,3.145846E-01,1.824263E+00,7.663441E+03,4.693460E+03,5.367953E-01,4.181011E-01,1.212944E+04,1.275704E+04,8.496210E-01,1.136406E+00,7.691769E+03,6.725992E+03,5.387796E-01,5.991618E-01,1.210130E+04,7.664372E+03,8.476498E-01,6.827583E-01,1.168004E+04,2.115693E+04,8.181376E-01,1.884728E+00 
11:00:00,8.459798E+03,0.000000E+00,5.925773E-01,0.000000E+00,1.400466E+04,2.333423E+03,9.809735E-01,2.078774E-01,8.545188E+03,1.103364E+03,5.985586E-01,9.833263E-02,2.283389E+04,0.000000E+00,1.599462E+00,0.000000E+00,2.511940E+04,0.000000E+00,1.759552E+00,0.000000E+00,5.999088E+03,4.430460E+03,4.202132E-01,3.946717E-01,9.368691E+03,1.154878E+04,6.562404E-01,1.028774E+00,6.052193E+03,6.331777E+03,4.239330E-01,5.640429E-01,9.307333E+03,7.484820E+03,6.519425E-01,6.667609E-01,4.491206E+03,2.036265E+04,3.145884E-01,1.813966E+00,7.663427E+03,4.756846E+03,5.367944E-01,4.237475E-01,1.212941E+04,1.266976E+04,8.496194E-01,1.128631E+00,7.691755E+03,6.943485E+03,5.387786E-01,6.185353E-01,1.210127E+04,7.790400E+03,8.476482E-01,6.939849E-01,1.167999E+04,2.129171E+04,8.181337E-01,1.896735E+00 
11:15:00,8.459790E+03,0.000000E+00,5.925768E-01,0.000000E+00,1.400465E+04,2.262084E+03,9.809726E-01,2.015206E-01,8.545181E+03,1.192229E+03,5.985581E-01,1.062480E-01,2.283376E+04,0.000000E+00,1.599452E+00,0.000000E+00,2.511927E+04,0.000000E+00,1.759543E+00,0.000000E+00,5.999087E+03,4.431595E+03,4.202131E-01,3.947729E-01,9.368691E+03,1.137035E+04,6.562404E-01,1.012879E+00,6.052191E+03,6.454268E+03,4.239329E-01,5.749539E-01,9.307332E+03,7.495170E+03,6.519424E-01,6.676830E-01,4.491260E+03,2.025021E+04,3.145923E-01,1.803949E+00,7.663415E+03,4.816505E+03,5.367935E-01,4.290620E-01,1.212939E+04,1.253247E+04,8.496179E-01,1.116401E+00,7.691742E+03,7.148954E+03,5.387778E-01,6.368377E-01,1.210125E+04,7.910441E+03,8.476468E-01,7.046783E-01,1.167994E+04,2.142020E+04,8.181303E-01,1.908180E+00 
11:30:00,8.459783E+03,2.841579E+00,5.925763E-01,2.540329E-04,1.400463E+04,2.158975E+03,9.809718E-01,1.923337E-01,8.545174E+03,1.274270E+03,5.985576E-01,1.135533E-01,2.283363E+04,0.000000E+00,1.599444E+00,0.000000E+00,2.511914E+04,0.000000E+00,1.759534E+00,0.000000E+00,5.999085E+03,4.431390E+03,4.202130E-01,3.947547E-01,9.368691E+03,1.113080E+04,6.562404E-01,9.915395E-01,6.052190E+03,6.569227E+03,4.239328E-01,5.851940E-01,9.307332E+03,7.504652E+03,6.519424E-01,6.685279E-01,4.491316E+03,2.013932E+04,3.145963E-01,1.794071E+00,7.663403E+03,4.872312E+03,5.367927E-01,4.340333E-01,1.212938E+04,1.231872E+04,8.496166E-01,1.097359E+00,7.691731E+03,7.340714E+03,5.387770E-01,6.539189E-01,1.210124E+04,8.024873E+03,8.476455E-01,7.148719E-01,1.167989E+04,2.153883E+04,8.181271E-01,1.918748E+00 
11:45:00,8.459776E+03,1.837993E+01,5.925758E-01,1.638067E-03,1.400462E+04,2.010541E+03,9.809710E-01,1.791090E-01,8.545167E+03,1.349783E+03,5.985571E-01,1.202760E-01,2.283351E+04,0.000000E+00,1.599435E+00,0.000000E+00,2.511903E+04,0.000000E+00,1.759526E+00,0.000000E+00,5.999084E+03,4.430135E+03,4.202129E-01,3.946430E-01,9.368692E+03,1.080816E+04,6.562404E-01,9.627984E-01,6.052189E+03,6.676148E+03,4.239327E-01,5.947182E-01,9.307332E+03,7.514101E+03,6.519424E-01,6.693697E-01,4.491373E+03,2.002804E+04,3.146004E-01,1.784158E+00,7.663393E+03,4.923970E+03,5.367920E-01,4.386349E-01,1.212936E+04,1.200159E+04,8.496154E-01,1.069108E+00,7.691721E+03,7.517905E+03,5.387762E-01,6.697024E-01,1.210122E+04,8.134008E+03,8.476443E-01,7.245935E-01,1.167985E+04,2.164366E+04,8.181242E-01,1.928086E+00 
12:00:00,8.459769E+03,3.811419E+01,5.925753E-01,3.395944E-03,1.400461E+04,1.813009E+03,9.809703E-01,1.615104E-01,8.545160E+03,1.417923E+03,5.985567E-01,1.263414E-01,2.283341E+04,0.000000E+00,1.599428E+00,0.000000E+00,2.511892E+04,0.000000E+00,1.759518E+00,0.000000E+00,5.999083E+03,4.427830E+03,4.202128E-01,3.944378E-01,9.368693E+03,1.039834E+04,6.562405E-01,9.262903E-01,6.052188E+03,6.774202E+03,4.239327E-01,6.034524E-01,9.307333E+03,7.524213E+03,6.519425E-01,6.702705E-01,4.491431E+03,1.991439E+04,3.146045E-01,1.774035E+00,7.663383E+03,4.971223E+03,5.367913E-01,4.428441E-01,1.212934E+04,1.157405E+04,8.496144E-01,1.031022E+00,7.691711E+03,7.679490E+03,5.387756E-01,6.840957E-01,1.210120E+04,8.238350E+03,8.476432E-01,7.338881E-01,1.167981E+04,2.173097E+04,8.181215E-01,1.935863E+00 
12:15:00,8.459762E+03,6.522823E+01,5.925748E-01,5.811250E-03,1.400460E+04,1.596373E+03,9.809696E-01,1.422101E-01,8.545154E+03,1.477747E+03,5.985563E-01,1.316662E-01,2.283330E+04,0.000000E+00,1.599421E+00,0.000000E+00,2.511882E+04,0.000000E+00,1.759511E+00,0.000000E+00,5.999082E+03,4.424197E+03,4.202128E-01,3.941140E-01,9.368694E+03,9.951529E+03,6.562406E-01,8.864871E-01,6.052188E+03,6.861103E+03,4.239326E-01,6.111932E-01,9.307334E+03,7.534725E+03,6.519425E-01,6.712068E-01,4.491489E+03,1.979741E+04,3.146086E-01,1.763613E+00,7.663375E+03,5.013469E+03,5.367907E-01,4.466072E-01,1.212933E+04,1.109143E+04,8.496134E-01,9.880290E-01,7.691703E+03,7.822745E+03,5.387750E-01,6.968563E-01,1.210119E+04,8.336914E+03,8.476422E-01,7.426679E-01,1.167978E+04,2.179807E+04,8.181190E-01,1.941841E+00 
12:30:00,8.459756E+03,9.543543E+01,5.925744E-01,8.501303E-03,1.400459E+04,1.401968E+03,9.809689E-01,1.248907E-01,8.545149E+03,1.529029E+03,5.985558E-01,1.362304E-01,2.283321E+04,0.000000E+00,1.599414E+00,0.000000E+00,2.511872E+04,0.000000E+00,1.759505E+00,0.000000E+00,5.999082E+03,4.420302E+03,4.202127E-01,3.937669E-01,9.368696E+03,9.551569E+03,6.562407E-01,8.508579E-01,6.052188E+03,6.936151E+03,4.239326E-01,6.178781E-01,9.307335E+03,7.590331E+03,6.519426E-01,6.761601E-01,4.491547E+03,1.967936E+04,3.146127E-01,1.753097E+00,7.663367E+03,5.050780E+03,5.367901E-01,4.499306E-01,1.212932E+04,1.065128E+04,8.496124E-01,9.488190E-01,7.691695E+03,7.946635E+03,5.387744E-01,7.078918E-01,1.210117E+04,8.480138E+03,8.476412E-01,7.554260E-01,1.167974E+04,2.184653E+04,8.181167E-01,1.946156E+00 
12:45:00,8.459750E+03,1.192722E+02,5.925740E-01,1.062504E-02,1.400458E+04,1.260330E+03,9.809682E-01,1.122723E-01,8.545143E+03,1.572289E+03,5.985555E-01,1.400806E-01,2.283312E+04,0.000000E+00,1.599408E+00,0.000000E+00,2.511863E+04,0.000000E+00,1.759498E+00,0.000000E+00,5.999081E+03,4.417723E+03,4.202127E-01,3.935371E-01,9.368697E+03,9.246891E+03,6.562408E-01,8.237174E-01,6.052187E+03,6.999946E+03,4.239326E-01,6.235607E-01,9.307337E+03,7.750673E+03,6.519427E-01,6.904439E-01,4.491604E+03,1.956632E+04,3.146168E-01,1.743027E+00,7.663359E+03,5.085165E+03,5.367896E-01,4.529934E-01,1.212930E+04,1.031499E+04,8.496115E-01,9.188628E-01,7.691687E+03,8.051867E+03,5.387739E-01,7.172653E-01,1.210116E+04,8.739021E+03,8.476404E-01,7.784878E-01,1.167971E+04,2.188354E+04,8.181145E-01,1.949453E+00 
13:00:00,8.459745E+03,1.452574E+02,5.925736E-01,1.294026E-02,1.400457E+04,1.184051E+03,9.809676E-01,1.054769E-01,8.545138E+03,1.608307E+03,5.985551E-01,1.432863E-01,2.283303E+04,0.000000E+00,1.599402E+00,0.000000E+00,2.511855E+04,0.000000E+00,1.759492E+00,0.000000E+00,5.999081E+03,4.418758E+03,4.202127E-01,3.936293E-01,9.368699E+03,9.056646E+03,6.562409E-01,8.067715E-01,6.052187E+03,7.053527E+03,4.239326E-01,6.283333E-01,9.307338E+03,8.039892E+03,6.519428E-01,7.162092E-01,4.491661E+03,1.946553E+04,3.146208E-01,1.734049E+00,7.663352E+03,5.119401E+03,5.367891E-01,4.560430E-01,1.212929E+04,1.011036E+04,8.496107E-01,9.006353E-01,7.691680E+03,8.139798E+03,5.387734E-01,7.250976E-01,1.210115E+04,9.145689E+03,8.476395E-01,8.147154E-01,1.167968E+04,2.191861E+04,8.181125E-01,1.952577E+00 
13:15:00,8.459739E+03,1.697894E+02,5.925732E-01,1.512619E-02,1.400456E+04,1.153538E+03,9.809670E-01,1.027590E-01,8.545132E+03,1.637754E+03,5.985547E-01,1.459072E-01,2.283295E+04,0.000000E+00,1.599396E+00,0.000000E+00,2.511847E+04,0.000000E+00,1.759487E+00,0.000000E+00,5.999081E+03,4.424950E+03,4.202127E-01,3.941808E-01,9.368701E+03,8.949729E+03,6.562411E-01,7.972490E-01,6.052187E+03,7.097602E+03,4.239326E-01,6.322593E-01,9.307340E+03,8.452662E+03,6.519430E-01,7.529813E-01,4.491718E+03,1.938206E+04,3.146248E-01,1.726614E+00,7.663345E+03,5.155641E+03,5.367886E-01,4.592711E-01,1.212928E+04,1.000601E+04,8.496100E-01,8.913421E-01,7.691674E+03,8.211619E+03,5.387729E-01,7.314949E-01,1.210114E+04,9.697305E+03,8.476388E-01,8.638560E-01,1.167966E+04,2.195938E+04,8.181106E-01,1.956208E+00 
13:30:00,8.459734E+03,1.944799E+02,5.925728E-01,1.732631E-02,1.400456E+04,1.142733E+03,9.809664E-01,1.017971E-01,8.545128E+03,1.661541E+03,5.985544E-01,1.480243E-01,2.283288E+04,0.000000E+00,1.599391E+00,0.000000E+00,2.511839E+04,0.000000E+00,1.759482E+00,0.000000E+00,5.999081E+03,4.436536E+03,4.202127E-01,3.952130E-01,9.368703E+03,8.870396E+03,6.562412E-01,7.901836E-01,6.052188E+03,7.132028E+03,4.239326E-01,6.353257E-01,9.307342E+03,8.929254E+03,6.519431E-01,7.954388E-01,4.491774E+03,1.931658E+04,3.146287E-01,1.720782E+00,7.663339E+03,5.194425E+03,5.367882E-01,4.627260E-01,1.212927E+04,9.938093E+03,8.496093E-01,8.852935E-01,7.691668E+03,8.267481E+03,5.387725E-01,7.364707E-01,1.210113E+04,1.032606E+04,8.476381E-01,9.198687E-01,1.167963E+04,2.200782E+04,8.181088E-01,1.960523E+00 
13:45:00,8.459728E+03,2.188700E+02,5.925725E-01,1.949978E-02,1.400455E+04,1.138565E+03,9.809658E-01,1.014265E-01,8.545123E+03,1.679371E+03,5.985540E-01,1.496110E-01,2.283281E+04,0.000000E+00,1.599386E+00,0.000000E+00,2.511833E+04,0.000000E+00,1.759477E+00,0.000000E+00,5.999081E+03,4.452168E+03,4.202127E-01,3.966055E-01,9.368706E+03,8.801742E+03,6.562414E-01,7.840690E-01,6.052188E+03,7.155646E+03,4.239326E-01,6.374293E-01,9.307344E+03,9.395607E+03,6.519432E-01,8.369835E-01,4.491829E+03,1.926519E+04,3.146326E-01,1.716204E+00,7.663333E+03,5.234290E+03,5.367878E-01,4.662771E-01,1.212926E+04,9.883182E+03,8.496086E-01,8.804032E-01,7.691662E+03,8.306145E+03,5.387721E-01,7.399146E-01,1.210112E+04,1.094289E+04,8.476374E-01,9.748173E-01,1.167961E+04,2.205913E+04,8.181071E-01,1.965095E+00 
14:00:00,8.459723E+03,2.427858E+02,5.925721E-01,2.163105E-02,1.400454E+04,1.138313E+03,9.809653E-01,1.014047E-01,8.545118E+03,1.690239E+03,5.985537E-01,1.505778E-01,2.283274E+04,0.000000E+00,1.599381E+00,0.000000E+00,2.511826E+04,0.000000E+00,1.759472E+00,0.000000E+00,5.999081E+03,4.469867E+03,4.202127E-01,3.981823E-01,9.368708E+03,8.740545E+03,6.562416E-01,7.786181E-01,6.052188E+03,7.166609E+03,4.239327E-01,6.384057E-01,9.307346E+03,9.818877E+03,6.519434E-01,8.746887E-01,4.491883E+03,1.922243E+04,3.146364E-01,1.712395E+00,7.663328E+03,5.272863E+03,5.367874E-01,4.697132E-01,1.212925E+04,9.834440E+03,8.496079E-01,8.760619E-01,7.691656E+03,8.325431E+03,5.387717E-01,7.416322E-01,1.210111E+04,1.150333E+04,8.476367E-01,1.024741E+00,1.167958E+04,2.210592E+04,8.181055E-01,1.969262E+00 
14:15:00,8.459719E+03,2.655806E+02,5.925718E-01,2.366248E-02,1.400453E+04,1.140044E+03,9.809648E-01,1.015596E-01,8.545114E+03,1.693317E+03,5.985534E-01,1.508510E-01,2.283268E+04,0.000000E+00,1.599377E+00,0.000000E+00,2.511820E+04,0.000000E+00,1.759468E+00,0.000000E+00,5.999082E+03,4.487515E+03,4.202127E-01,3.997544E-01,9.368710E+03,8.683675E+03,6.562417E-01,7.735524E-01,6.052189E+03,7.163123E+03,4.239327E-01,6.380949E-01,9.307348E+03,1.019959E+04,6.519435E-01,9.086016E-01,4.491936E+03,1.918373E+04,3.146402E-01,1.708948E+00,7.663323E+03,5.307476E+03,5.367871E-01,4.727964E-01,1.212924E+04,9.786571E+03,8.496073E-01,8.717980E-01,7.691651E+03,8.323054E+03,5.387714E-01,7.414201E-01,1.210110E+04,1.200270E+04,8.476361E-01,1.069224E+00,1.167956E+04,2.214124E+04,8.181040E-01,1.972409E+00 
14:30:00,8.459714E+03,2.867483E+02,5.925714E-01,2.554894E-02,1.400453E+04,1.142328E+03,9.809642E-01,1.017636E-01,8.545109E+03,1.688171E+03,5.985531E-01,1.503917E-01,2.283262E+04,0.000000E+00,1.599373E+00,0.000000E+00,2.511814E+04,0.000000E+00,1.759464E+00,0.000000E+00,5.999082E+03,4.503836E+03,4.202127E-01,4.012083E-01,9.368713E+03,8.629022E+03,6.562419E-01,7.686840E-01,6.052189E+03,7.144153E+03,4.239327E-01,6.364048E-01,9.307350E+03,1.055070E+04,6.519436E-01,9.398768E-01,4.491989E+03,1.914622E+04,3.146438E-01,1.705607E+00,7.663318E+03,5.336336E+03,5.367867E-01,4.753672E-01,1.212924E+04,9.736018E+03,8.496068E-01,8.672949E-01,7.691646E+03,8.297551E+03,5.387710E-01,7.391479E-01,1.210109E+04,1.245318E+04,8.476355E-01,1.109351E+00,1.167954E+04,2.216018E+04,8.181026E-01,1.974095E+00 
14:45:00,8.459709E+03,3.059505E+02,5.925711E-01,2.726024E-02,1.400452E+04,1.144370E+03,9.809638E-01,1.019459E-01,8.545105E+03,1.674086E+03,5.985528E-01,1.491362E-01,2.283256E+04,0.000000E+00,1.599369E+00,0.000000E+00,2.511809E+04,0.000000E+00,1.759460E+00,0.000000E+00,5.999082E+03,4.518074E+03,4.202128E-01,4.024766E-01,9.368715E+03,8.574857E+03,6.562421E-01,7.638592E-01,6.052190E+03,7.108535E+03,4.239328E-01,6.332317E-01,9.307352E+03,1.088272E+04,6.519438E-01,9.694520E-01,4.492040E+03,1.910844E+04,3.146474E-01,1.702241E+00,7.663313E+03,5.358310E+03,5.367864E-01,4.773245E-01,1.212923E+04,9.680027E+03,8.496062E-01,8.623072E-01,7.691642E+03,8.247429E+03,5.387707E-01,7.346828E-01,1.210109E+04,1.286656E+04,8.476350E-01,1.146172E+00,1.167952E+04,2.215985E+04,8.181013E-01,1.974066E+00 
15:00:00,8.459705E+03,3.220896E+02,5.925708E-01,2.869851E-02,1.400451E+04,1.143670E+03,9.809633E-01,1.018839E-01,8.545101E+03,1.650837E+03,5.985525E-01,1.470645E-01,2.283251E+04,0.000000E+00,1.599365E+00,0.000000E+00,2.511804E+04,0.000000E+00,1.759457E+00,0.000000E+00,5.999083E+03,4.528112E+03,4.202128E-01,4.033707E-01,9.368718E+03,8.516963E+03,6.562422E-01,7.587020E-01,6.052190E+03,7.056305E+03,4.239328E-01,6.285788E-01,9.307354E+03,1.120975E+04,6.519439E-01,9.985830E-01,4.492090E+03,1.906984E+04,3.146510E-01,1.698802E+00,7.663309E+03,5.370492E+03,5.367861E-01,4.784095E-01,1.212922E+04,9.612758E+03,8.496057E-01,8.563149E-01,7.691637E+03,8.172854E+03,5.387704E-01,7.280393E-01,1.210108E+04,1.326086E+04,8.476345E-01,1.181294E+00,1.167950E+04,2.213877E+04,8.181000E-01,1.972188E+00 
15:15:00,8.459701E+03,3.354392E+02,5.925705E-01,2.988807E-02,1.400451E+04,1.139549E+03,9.809628E-01,1.015170E-01,8.545097E+03,1.616005E+03,5.985522E-01,1.439610E-01,2.283246E+04,0.000000E+00,1.599362E+00,0.000000E+00,2.511799E+04,0.000000E+00,1.759454E+00,0.000000E+00,5.999083E+03,4.534236E+03,4.202128E-01,4.039161E-01,9.368720E+03,8.455133E+03,6.562424E-01,7.531942E-01,6.052191E+03,6.983616E+03,4.239328E-01,6.221035E-01,9.307356E+03,1.152750E+04,6.519441E-01,1.026887E+00,4.492140E+03,1.903015E+04,3.146544E-01,1.695267E+00,7.663305E+03,5.373022E+03,5.367858E-01,4.786347E-01,1.212921E+04,9.533598E+03,8.496052E-01,8.492632E-01,7.691633E+03,8.069518E+03,5.387701E-01,7.188338E-01,1.210107E+04,1.363233E+04,8.476340E-01,1.214384E+00,1.167949E+04,2.209618E+04,8.180988E-01,1.968393E+00 
15:30:00,8.459696E+03,3.462267E+02,5.925702E-01,3.084923E-02,1.400450E+04,1.131888E+03,9.809624E-01,1.008346E-01,8.545093E+03,1.566831E+03,5.985520E-01,1.395799E-01,2.283242E+04,0.000000E+00,1.599359E+00,0.000000E+00,2.511795E+04,0.000000E+00,1.759451E+00,0.000000E+00,5.999083E+03,4.536778E+03,4.202129E-01,4.041426E-01,9.368722E+03,8.389303E+03,6.562426E-01,7.473300E-01,6.052191E+03,6.886052E+03,4.239329E-01,6.134122E-01,9.307358E+03,1.182992E+04,6.519442E-01,1.053826E+00,4.492188E+03,1.898890E+04,3.146578E-01,1.691593E+00,7.663301E+03,5.366340E+03,5.367855E-01,4.780393E-01,1.212921E+04,9.442352E+03,8.496048E-01,8.411348E-01,7.691629E+03,7.932304E+03,5.387698E-01,7.066106E-01,1.210106E+04,1.397400E+04,8.476335E-01,1.244819E+00,1.167947E+04,2.203129E+04,8.180976E-01,1.962612E+00 
15:45:00,8.459692E+03,3.541800E+02,5.925699E-01,3.155772E-02,1.400449E+04,1.120231E+03,9.809619E-01,9.979623E-02,8.545090E+03,1.500463E+03,5.985517E-01,1.336670E-01,2.283237E+04,0.000000E+00,1.599356E+00,0.000000E+00,2.511791E+04,0.000000E+00,1.759448E+00,0.000000E+00,5.999084E+03,4.535539E+03,4.202129E-01,4.040321E-01,9.368725E+03,8.318673E+03,6.562427E-01,7.410383E-01,6.052192E+03,6.759086E+03,4.239329E-01,6.021018E-01,9.307360E+03,1.211080E+04,6.519444E-01,1.078846E+00,4.492235E+03,1.894534E+04,3.146611E-01,1.687712E+00,7.663297E+03,5.350277E+03,5.367852E-01,4.766082E-01,1.212920E+04,9.338086E+03,8.496043E-01,8.318467E-01,7.691626E+03,7.755944E+03,5.387696E-01,6.909001E-01,1.210106E+04,1.427847E+04,8.476331E-01,1.271940E+00,1.167946E+04,2.194303E+04,8.180966E-01,1.954749E+00 
16:00:00,8.459688E+03,3.606350E+02,5.925697E-01,3.213262E-02,1.400449E+04,1.105711E+03,9.809615E-01,9.850274E-02,8.545086E+03,1.413783E+03,5.985515E-01,1.259447E-01,2.283233E+04,0.000000E+00,1.599353E+00,0.000000E+00,2.511787E+04,0.000000E+00,1.759445E+00,0.000000E+00,5.999084E+03,4.532001E+03,4.202129E-01,4.037168E-01,9.368727E+03,8.245385E+03,6.562429E-01,7.345097E-01,6.052193E+03,6.597778E+03,4.239330E-01,5.877322E-01,9.307363E+03,1.235746E+04,6.519445E-01,1.100818E+00,4.492281E+03,1.889842E+04,3.146644E-01,1.683532E+00,7.663293E+03,5.326840E+03,5.367850E-01,4.745202E-01,1.212919E+04,9.223690E+03,8.496039E-01,8.216560E-01,7.691622E+03,7.534523E+03,5.387693E-01,6.711756E-01,1.210105E+04,1.452963E+04,8.476326E-01,1.294313E+00,1.167944E+04,2.183000E+04,8.180955E-01,1.944680E+00 
16:15:00,8.459685E+03,3.654102E+02,5.925694E-01,3.255777E-02,1.400448E+04,1.088387E+03,9.809611E-01,9.695947E-02,8.545083E+03,1.307363E+03,5.985512E-01,1.164639E-01,2.283230E+04,0.000000E+00,1.599350E+00,0.000000E+00,2.511783E+04,0.000000E+00,1.759442E+00,0.000000E+00,5.999085E+03,4.525772E+03,4.202130E-01,4.031619E-01,9.368730E+03,8.168433E+03,6.562431E-01,7.276547E-01,6.052193E+03,6.403179E+03,4.239330E-01,5.703970E-01,9.307365E+03,1.257283E+04,6.519447E-01,1.120002E+00,4.492327E+03,1.884719E+04,3.146675E-01,1.678969E+00,7.663290E+03,5.295690E+03,5.367848E-01,4.717453E-01,1.212919E+04,9.098008E+03,8.496035E-01,8.104601E-01,7.691619E+03,7.269084E+03,5.387691E-01,6.475300E-01,1.210105E+04,1.473020E+04,8.476322E-01,1.312178E+00,1.167943E+04,2.169092E+04,8.180945E-01,1.932290E+00 
16:30:00,8.459681E+03,3.682111E+02,5.925691E-01,3.280692E-02,1.400448E+04,1.067398E+03,9.809607E-01,9.508961E-02,8.545079E+03,1.185104E+03,5.985510E-01,1.055721E-01,2.283226E+04,0.000000E+00,1.599348E+00,0.000000E+00,2.511780E+04,0.000000E+00,1.759440E+00,0.000000E+00,5.999085E+03,4.516294E+03,4.202130E-01,4.023176E-01,9.368732E+03,8.086633E+03,6.562432E-01,7.203680E-01,6.052194E+03,6.181391E+03,4.239331E-01,5.506397E-01,9.307367E+03,1.275875E+04,6.519448E-01,1.136563E+00,4.492371E+03,1.879114E+04,3.146706E-01,1.673975E+00,7.663287E+03,5.256245E+03,5.367845E-01,4.682314E-01,1.212918E+04,8.959816E+03,8.496031E-01,7.981498E-01,7.691615E+03,6.966883E+03,5.387689E-01,6.206096E-01,1.210104E+04,1.488309E+04,8.476319E-01,1.325796E+00,1.167941E+04,2.152562E+04,8.180936E-01,1.917564E+00 
16:45:00,8.459677E+03,3.677972E+02,5.925689E-01,3.276959E-02,1.400447E+04,1.040467E+03,9.809603E-01,9.269047E-02,8.545076E+03,1.056997E+03,5.985508E-01,9.415944E-02,2.283223E+04,0.000000E+00,1.599345E+00,0.000000E+00,2.511776E+04,0.000000E+00,1.759438E+00,0.000000E+00,5.999086E+03,4.501204E+03,4.202130E-01,4.009733E-01,9.368734E+03,7.996127E+03,6.562434E-01,7.123056E-01,6.052195E+03,5.947177E+03,4.239331E-01,5.297757E-01,9.307369E+03,1.291667E+04,6.519450E-01,1.150629E+00,4.492414E+03,1.873008E+04,3.146737E-01,1.668536E+00,7.663283E+03,5.205559E+03,5.367843E-01,4.637162E-01,1.212918E+04,8.804306E+03,8.496028E-01,7.842969E-01,7.691612E+03,6.644837E+03,5.387686E-01,5.919215E-01,1.210104E+04,1.499165E+04,8.476315E-01,1.335465E+00,1.167940E+04,2.133442E+04,8.180927E-01,1.900531E+00 
17:00:00,8.459674E+03,3.668534E+02,5.925686E-01,3.268497E-02,1.400447E+04,1.008374E+03,9.809600E-01,8.983121E-02,8.545073E+03,9.420513E+02,5.985505E-01,8.391932E-02,2.283219E+04,0.000000E+00,1.599343E+00,0.000000E+00,2.511773E+04,0.000000E+00,1.759436E+00,0.000000E+00,5.999086E+03,4.485530E+03,4.202131E-01,3.995769E-01,9.368737E+03,7.898866E+03,6.562436E-01,7.036416E-01,6.052195E+03,5.731028E+03,4.239332E-01,5.105211E-01,9.307371E+03,1.304143E+04,6.519451E-01,1.161742E+00,4.492456E+03,1.866442E+04,3.146766E-01,1.662687E+00,7.663280E+03,5.149535E+03,5.367841E-01,4.587254E-01,1.212917E+04,8.633768E+03,8.496024E-01,7.691051E-01,7.691609E+03,6.338425E+03,5.387684E-01,5.646262E-01,1.210103E+04,1.505085E+04,8.476311E-01,1.340738E+00,1.167939E+04,2.111858E+04,8.180919E-01,1.881303E+00 
17:15:00,8.459671E+03,3.777622E+02,5.925684E-01,3.365638E-02,1.400446E+04,9.719572E+02,9.809596E-01,8.658672E-02,8.545070E+03,8.502435E+02,5.985503E-01,7.574064E-02,2.283216E+04,0.000000E+00,1.599341E+00,0.000000E+00,2.511771E+04,0.000000E+00,1.759434E+00,0.000000E+00,5.999087E+03,4.489178E+03,4.202131E-01,3.999019E-01,9.368739E+03,7.797641E+03,6.562437E-01,6.946243E-01,6.052196E+03,5.552000E+03,4.239332E-01,4.945735E-01,9.307373E+03,1.312935E+04,6.519453E-01,1.169574E+00,4.492498E+03,1.859544E+04,3.146795E-01,1.656542E+00,7.663278E+03,5.111396E+03,5.367839E-01,4.553278E-01,1.212917E+04,8.451930E+03,8.496021E-01,7.529068E-01,7.691607E+03,6.071531E+03,5.387682E-01,5.408515E-01,1.210103E+04,1.505672E+04,8.476308E-01,1.341260E+00,1.167938E+04,2.088059E+04,8.180911E-01,1.860102E+00 
17:30:00,8.459667E+03,4.098096E+02,5.925682E-01,3.651141E-02,1.400446E+04,9.324191E+02,9.809593E-01,8.306410E-02,8.545067E+03,7.852671E+02,5.985501E-01,6.995233E-02,2.283214E+04,0.000000E+00,1.599339E+00,0.000000E+00,2.511768E+04,0.000000E+00,1.759432E+00,0.000000E+00,5.999087E+03,4.528333E+03,4.202131E-01,4.033901E-01,9.368742E+03,7.695236E+03,6.562439E-01,6.855021E-01,6.052197E+03,5.415630E+03,4.239333E-01,4.824261E-01,9.307375E+03,1.314615E+04,6.519454E-01,1.171070E+00,4.492538E+03,1.853000E+04,3.146824E-01,1.650712E+00,7.663275E+03,5.110681E+03,5.367837E-01,4.552644E-01,1.212916E+04,8.262573E+03,8.496018E-01,7.360387E-01,7.691604E+03,5.852527E+03,5.387681E-01,5.213432E-01,1.210102E+04,1.496772E+04,8.476305E-01,1.333331E+00,1.167937E+04,2.062938E+04,8.180903E-01,1.837723E+00 
17:45:00,8.459664E+03,4.669052E+02,5.925680E-01,4.159880E-02,1.400445E+04,8.927334E+02,9.809589E-01,7.952827E-02,8.545064E+03,7.437491E+02,5.985499E-01,6.625390E-02,2.283211E+04,0.000000E+00,1.599337E+00,0.000000E+00,2.511765E+04,0.000000E+00,1.759430E+00,0.000000E+00,5.999088E+03,4.608437E+03,4.202132E-01,4.105263E-01,9.368744E+03,7.597290E+03,6.562441E-01,6.767771E-01,6.052198E+03,5.317234E+03,4.239333E-01,4.736617E-01,9.307377E+03,1.308758E+04,6.519456E-01,1.165851E+00,4.492578E+03,1.848229E+04,3.146851E-01,1.646463E+00,7.663272E+03,5.154956E+03,5.367835E-01,4.592089E-01,1.212916E+04,8.073089E+03,8.496015E-01,7.191593E-01,7.691601E+03,5.677643E+03,5.387679E-01,5.057654E-01,1.210102E+04,1.477455E+04,8.476302E-01,1.316122E+00,1.167936E+04,2.038234E+04,8.180896E-01,1.815717E+00 
18:00:00,8.459661E+03,5.448130E+02,5.925677E-01,4.854123E-02,1.400445E+04,8.526889E+02,9.809586E-01,7.596056E-02,8.545061E+03,7.124832E+02,5.985497E-01,6.346885E-02,2.283208E+04,0.000000E+00,1.599335E+00,0.000000E+00,2.511763E+04,0.000000E+00,1.759428E+00,0.000000E+00,5.999089E+03,4.720272E+03,4.202132E-01,4.204894E-01,9.368746E+03,7.504126E+03,6.562442E-01,6.684781E-01,6.052198E+03,5.235311E+03,4.239334E-01,4.663648E-01,9.307379E+03,1.300271E+04,6.519457E-01,1.158290E+00,4.492616E+03,1.846573E+04,3.146879E-01,1.644988E+00,7.663270E+03,5.234110E+03,5.367833E-01,4.662607E-01,1.212916E+04,7.884391E+03,8.496012E-01,7.023501E-01,7.691599E+03,5.522905E+03,5.387677E-01,4.919821E-01,1.210101E+04,1.453544E+04,8.476299E-01,1.294821E+00,1.167935E+04,2.015603E+04,8.180889E-01,1.795556E+00 
18:15:00,8.557791E+03,6.274061E+02,5.994413E-01,5.590170E-02,1.417061E+04,8.133329E+02,9.925977E-01,7.245426E-02,8.643191E+03,6.859935E+02,6.054234E-01,6.110925E-02,2.302455E+04,0.000000E+00,1.612817E+00,0.000000E+00,2.566449E+04,0.000000E+00,1.797735E+00,0.000000E+00,6.097268E+03,4.837423E+03,4.270903E-01,4.309258E-01,9.534993E+03,7.416548E+03,6.678892E-01,6.606768E-01,6.150378E+03,5.158574E+03,4.308105E-01,4.595296E-01,9.473626E+03,1.291587E+04,6.635906E-01,1.150553E+00,4.966055E+03,1.848823E+04,3.478502E-01,1.646992E+00,7.761492E+03,5.317666E+03,5.436635E-01,4.737045E-01,1.229547E+04,7.697799E+03,8.612512E-01,6.857286E-01,7.789821E+03,5.374606E+03,5.456478E-01,4.787723E-01,1.226733E+04,1.428431E+04,8.592799E-01,1.272450E+00,1.215296E+04,1.996174E+04,8.512636E-01,1.778249E+00 
18:30:00,8.655930E+03,7.006467E+02,6.063155E-01,6.242892E-02,1.433679E+04,7.748921E+02,1.004238E+00,6.902952E-02,8.741331E+03,6.611011E+02,6.122976E-01,5.889195E-02,2.321703E+04,0.000000E+00,1.626300E+00,0.000000E+00,2.621135E+04,0.000000E+00,1.836040E+00,0.000000E+00,6.195459E+03,4.935253E+03,4.339681E-01,4.396410E-01,9.701261E+03,7.334269E+03,6.795354E-01,6.533475E-01,6.248569E+03,5.083401E+03,4.376883E-01,4.528335E-01,9.639894E+03,1.285967E+04,6.752368E-01,1.145547E+00,5.439686E+03,1.854618E+04,3.810245E-01,1.652156E+00,7.859726E+03,5.376369E+03,5.505442E-01,4.789342E-01,1.246181E+04,7.513666E+03,8.729023E-01,6.693261E-01,7.888055E+03,5.227891E+03,5.525286E-01,4.657032E-01,1.243367E+04,1.406605E+04,8.709310E-01,1.253006E+00,1.262664E+04,1.979806E+04,8.844418E-01,1.763669E+00 
18:45:00,8.754145E+03,7.514216E+02,6.131914E-01,6.695381E-02,1.450310E+04,7.361280E+02,1.015881E+00,6.557603E-02,8.839547E+03,6.345269E+02,6.191735E-01,5.652481E-02,2.340943E+04,0.000000E+00,1.639776E+00,0.000000E+00,2.675811E+04,0.000000E+00,1.874337E+00,0.000000E+00,6.293725E+03,4.992180E+03,4.408486E-01,4.447118E-01,9.867655E+03,7.255132E+03,6.911865E-01,6.462982E-01,6.346835E+03,5.006386E+03,4.445688E-01,4.459732E-01,9.806287E+03,1.279215E+04,6.868879E-01,1.139532E+00,5.913382E+03,1.861991E+04,4.142023E-01,1.658725E+00,7.958038E+03,5.384537E+03,5.574273E-01,4.796616E-01,1.262829E+04,7.330114E+03,8.845577E-01,6.529755E-01,7.986367E+03,5.078636E+03,5.594116E-01,4.524078E-01,1.260014E+04,1.384124E+04,8.825864E-01,1.232981E+00,1.310057E+04,1.964458E+04,9.176334E-01,1.749997E+00 
19:00:00,8.852407E+03,7.748552E+02,6.200666E-01,6.904144E-02,1.466949E+04,6.946331E+02,1.027523E+00,6.187931E-02,8.937809E+03,6.021910E+02,6.260486E-01,5.364433E-02,2.360180E+04,0.000000E+00,1.653249E+00,0.000000E+00,2.730478E+04,0.000000E+00,1.912626E+00,0.000000E+00,6.392040E+03,5.005449E+03,4.477298E-01,4.458932E-01,1.003414E+04,7.174046E+03,7.028392E-01,6.390754E-01,6.445151E+03,4.922709E+03,4.514499E-01,4.385195E-01,9.972769E+03,1.263232E+04,6.985407E-01,1.125294E+00,6.387249E+03,1.867974E+04,4.473904E-01,1.664055E+00,8.056407E+03,5.338607E+03,5.643107E-01,4.755695E-01,1.279486E+04,7.140859E+03,8.962142E-01,6.361169E-01,8.084736E+03,4.920989E+03,5.662950E-01,4.383648E-01,1.276671E+04,1.351799E+04,8.942429E-01,1.204186E+00,1.357476E+04,1.946772E+04,9.508378E-01,1.734243E+00 
19:15:00,8.852555E+03,7.698318E+02,6.200673E-01,6.859245E-02,1.466975E+04,6.490950E+02,1.027525E+00,5.782239E-02,8.937958E+03,5.627556E+02,6.260493E-01,5.013132E-02,2.360173E+04,0.000000E+00,1.653242E+00,0.000000E+00,2.730458E+04,0.000000E+00,1.912607E+00,0.000000E+00,6.392201E+03,4.981927E+03,4.477339E-01,4.437970E-01,1.003442E+04,7.088313E+03,7.028474E-01,6.314385E-01,6.445312E+03,4.829671E+03,4.514540E-01,4.302317E-01,9.973048E+03,1.232854E+04,6.985488E-01,1.098233E+00,6.387842E+03,1.869907E+04,4.474263E-01,1.665777E+00,8.056583E+03,5.247091E+03,5.643142E-01,4.674163E-01,1.279516E+04,6.943483E+03,8.962212E-01,6.185346E-01,8.084912E+03,4.751901E+03,5.662985E-01,4.233025E-01,1.276702E+04,1.303447E+04,8.942499E-01,1.161114E+00,1.357552E+04,1.923709E+04,9.508763E-01,1.713698E+00 
19:30:00,8.852707E+03,7.300501E+02,6.200680E-01,6.504595E-02,1.467001E+04,5.965404E+02,1.027526E+00,5.314044E-02,8.938110E+03,5.145111E+02,6.260499E-01,4.583348E-02,2.360173E+04,0.000000E+00,1.653241E+00,0.000000E+00,2.730447E+04,0.000000E+00,1.912594E+00,0.000000E+00,6.392364E+03,4.915701E+03,4.477377E-01,4.378968E-01,1.003470E+04,6.992407E+03,7.028549E-01,6.228951E-01,6.445475E+03,4.724936E+03,4.514578E-01,4.209018E-01,9.973331E+03,1.183916E+04,6.985565E-01,1.054638E+00,6.388344E+03,1.865930E+04,4.474560E-01,1.662234E+00,8.056771E+03,5.104237E+03,5.643182E-01,4.546901E-01,1.279549E+04,6.733082E+03,8.962289E-01,5.997920E-01,8.085101E+03,4.569215E+03,5.663025E-01,4.070288E-01,1.276735E+04,1.233808E+04,8.942576E-01,1.099078E+00,1.357635E+04,1.893180E+04,9.509185E-01,1.686502E+00 
19:45:00,8.852795E+03,6.628208E+02,6.200679E-01,5.905379E-02,1.467017E+04,5.353514E+02,1.027526E+00,4.768936E-02,8.938198E+03,4.591002E+02,6.260498E-01,4.089716E-02,2.360190E+04,0.000000E+00,1.653252E+00,0.000000E+00,2.730455E+04,0.000000E+00,1.912596E+00,0.000000E+00,6.392465E+03,4.811227E+03,4.477398E-01,4.285895E-01,1.003488E+04,6.883693E+03,7.028589E-01,6.132107E-01,6.445577E+03,4.610069E+03,4.514599E-01,4.106693E-01,9.973507E+03,1.121568E+04,6.985605E-01,9.990965E-01,6.388858E+03,1.855274E+04,4.474869E-01,1.652740E+00,8.056902E+03,4.916066E+03,5.643215E-01,4.379270E-01,1.279571E+04,6.508991E+03,8.962348E-01,5.798296E-01,8.085231E+03,4.375794E+03,5.663058E-01,3.897987E-01,1.276757E+04,1.148211E+04,8.942636E-01,1.022827E+00,1.357704E+04,1.854602E+04,9.509536E-01,1.652135E+00 
20:00:00,8.852848E+03,5.505561E+02,6.200693E-01,4.904986E-02,1.467026E+04,4.611427E+02,1.027529E+00,4.107850E-02,8.938252E+03,3.971930E+02,6.260513E-01,3.538214E-02,2.360217E+04,0.000000E+00,1.653270E+00,0.000000E+00,2.730481E+04,0.000000E+00,1.912613E+00,0.000000E+00,6.392529E+03,4.626177E+03,4.477422E-01,4.121046E-01,1.003498E+04,6.756352E+03,7.028628E-01,6.018666E-01,6.445641E+03,4.484115E+03,4.514622E-01,3.994491E-01,9.973614E+03,1.042500E+04,6.985643E-01,9.286605E-01,6.389266E+03,1.837793E+04,4.475115E-01,1.637166E+00,8.056995E+03,4.637631E+03,5.643258E-01,4.131233E-01,1.279587E+04,6.267709E+03,8.962419E-01,5.583357E-01,8.085324E+03,4.172050E+03,5.663101E-01,3.716490E-01,1.276772E+04,1.043265E+04,8.942706E-01,9.293393E-01,1.357756E+04,1.808283E+04,9.509809E-01,1.610871E+00 
20:15:00,8.852890E+03,4.083465E+02,6.200720E-01,3.637896E-02,1.467033E+04,3.774160E+02,1.027533E+00,3.361981E-02,8.938294E+03,3.334293E+02,6.260539E-01,2.970176E-02,2.360246E+04,0.000000E+00,1.653291E+00,0.000000E+00,2.730513E+04,0.000000E+00,1.912636E+00,0.000000E+00,6.392580E+03,4.391515E+03,4.477453E-01,3.911998E-01,1.003507E+04,6.615284E+03,7.028676E-01,5.892998E-01,6.445692E+03,4.352257E+03,4.514654E-01,3.877029E-01,9.973695E+03,9.603003E+03,6.985692E-01,8.554358E-01,6.389599E+03,1.814107E+04,4.475319E-01,1.616065E+00,8.057072E+03,4.303096E+03,5.643309E-01,3.833219E-01,1.279599E+04,6.017174E+03,8.962499E-01,5.360175E-01,8.085401E+03,3.965394E+03,5.663151E-01,3.532398E-01,1.276785E+04,9.343241E+03,8.942787E-01,8.322933E-01,1.357794E+04,1.755501E+04,9.510033E-01,1.563850E+00 
20:30:00,8.852926E+03,2.661773E+02,6.200746E-01,2.371249E-02,1.467039E+04,2.917846E+02,1.027537E+00,2.599155E-02,8.938330E+03,2.718465E+02,6.260566E-01,2.421573E-02,2.360273E+04,0.000000E+00,1.653310E+00,0.000000E+00,2.730545E+04,0.000000E+00,1.912658E+00,0.000000E+00,6.392626E+03,4.145771E+03,4.477486E-01,3.693078E-01,1.003514E+04,6.469255E+03,7.028727E-01,5.762910E-01,6.445738E+03,4.221283E+03,4.514687E-01,3.760356E-01,9.973768E+03,8.864697E+03,6.985742E-01,7.896666E-01,6.389874E+03,1.786919E+04,4.475491E-01,1.591843E+00,8.057137E+03,3.957958E+03,5.643355E-01,3.525759E-01,1.279610E+04,5.769433E+03,8.962575E-01,5.139483E-01,8.085466E+03,3.764835E+03,5.663198E-01,3.353738E-01,1.276795E+04,8.353402E+03,8.942862E-01,7.441176E-01,1.357823E+04,1.699944E+04,9.510219E-01,1.514358E+00 
20:45:00,8.852955E+03,1.350292E+02,6.200766E-01,1.202868E-02,1.467044E+04,2.050247E+02,1.027541E+00,1.826292E-02,8.938360E+03,2.121751E+02,6.260586E-01,1.890006E-02,2.360298E+04,0.000000E+00,1.653328E+00,0.000000E+00,2.730573E+04,0.000000E+00,1.912678E+00,0.000000E+00,6.392667E+03,3.913694E+03,4.477514E-01,3.486337E-01,1.003520E+04,6.325863E+03,7.028773E-01,5.635174E-01,6.445779E+03,4.096374E+03,4.514716E-01,3.649085E-01,9.973832E+03,8.240527E+03,6.985788E-01,7.340659E-01,6.390105E+03,1.759202E+04,4.475637E-01,1.567152E+00,8.057191E+03,3.633394E+03,5.643394E-01,3.236631E-01,1.279619E+04,5.534439E+03,8.962636E-01,4.930148E-01,8.085521E+03,3.577131E+03,5.663236E-01,3.186531E-01,1.276804E+04,7.509002E+03,8.942923E-01,6.688987E-01,1.357847E+04,1.645581E+04,9.510372E-01,1.465929E+00 
21:00:00,8.852978E+03,5.466700E+01,6.200781E-01,4.869629E-03,1.467048E+04,1.261130E+02,1.027543E+00,1.123359E-02,8.938383E+03,1.582881E+02,6.260601E-01,1.409977E-02,2.360323E+04,0.000000E+00,1.653345E+00,0.000000E+00,2.730599E+04,0.000000E+00,1.912696E+00,0.000000E+00,6.392702E+03,3.751323E+03,4.477539E-01,3.341696E-01,1.003526E+04,6.197419E+03,7.028812E-01,5.520754E-01,6.445814E+03,3.985935E+03,4.514740E-01,3.550707E-01,9.973889E+03,7.823992E+03,6.985827E-01,6.969620E-01,6.390300E+03,1.733958E+04,4.475763E-01,1.544663E+00,8.057236E+03,3.393425E+03,5.643424E-01,3.022866E-01,1.279626E+04,5.327340E+03,8.962685E-01,4.745663E-01,8.085565E+03,3.412629E+03,5.663267E-01,3.039993E-01,1.276811E+04,6.919052E+03,8.942973E-01,6.163469E-01,1.357865E+04,1.596384E+04,9.510497E-01,1.422103E+00 
21:15:00,8.852996E+03,1.583229E+01,6.200794E-01,1.410256E-03,1.467051E+04,6.661417E+01,1.027546E+00,5.933632E-03,8.938401E+03,1.084769E+02,6.260614E-01,9.662656E-03,2.360345E+04,0.000000E+00,1.653361E+00,0.000000E+00,2.730624E+04,0.000000E+00,1.912713E+00,0.000000E+00,6.392732E+03,3.633398E+03,4.477559E-01,3.236654E-01,1.003531E+04,6.083378E+03,7.028846E-01,5.419167E-01,6.445845E+03,3.889973E+03,4.514760E-01,3.465225E-01,9.973938E+03,7.528805E+03,6.985861E-01,6.706689E-01,6.390467E+03,1.713257E+04,4.475872E-01,1.526222E+00,8.057272E+03,3.212693E+03,5.643449E-01,2.861875E-01,1.279632E+04,5.147527E+03,8.962726E-01,4.585488E-01,8.085602E+03,3.271436E+03,5.663292E-01,2.914220E-01,1.276817E+04,6.491265E+03,8.943013E-01,5.782419E-01,1.357880E+04,1.555021E+04,9.510600E-01,1.385257E+00 
21:30:00,8.853011E+03,0.000000E+00,6.200804E-01,0.000000E+00,1.467053E+04,2.508750E+01,1.027547E+00,2.234637E-03,8.938417E+03,6.223031E+01,6.260624E-01,5.543157E-03,2.360367E+04,0.000000E+00,1.653376E+00,0.000000E+00,2.730646E+04,0.000000E+00,1.912729E+00,0.000000E+00,6.392759E+03,3.539195E+03,4.477577E-01,3.152745E-01,1.003535E+04,5.980629E+03,7.028876E-01,5.327640E-01,6.445871E+03,3.805589E+03,4.514779E-01,3.390058E-01,9.973981E+03,7.296011E+03,6.985890E-01,6.499337E-01,6.390612E+03,1.696587E+04,4.475967E-01,1.511373E+00,8.057303E+03,3.067782E+03,5.643470E-01,2.732797E-01,1.279636E+04,4.990175E+03,8.962760E-01,4.445322E-01,8.085632E+03,3.149636E+03,5.663313E-01,2.805724E-01,1.276822E+04,6.156558E+03,8.943047E-01,5.484284E-01,1.357893E+04,1.520881E+04,9.510686E-01,1.354845E+00 
21:45:00,8.853024E+03,0.000000E+00,6.200813E-01,0.000000E+00,1.467056E+04,3.598024E+00,1.027549E+00,3.204847E-04,8.938430E+03,2.955491E+01,6.260634E-01,2.632573E-03,2.360387E+04,0.000000E+00,1.653390E+00,0.000000E+00,2.730667E+04,0.000000E+00,1.912744E+00,0.000000E+00,6.392782E+03,3.460571E+03,4.477594E-01,3.082714E-01,1.003539E+04,5.886579E+03,7.028903E-01,5.243862E-01,6.445895E+03,3.729975E+03,4.514795E-01,3.322703E-01,9.974019E+03,7.102970E+03,6.985917E-01,6.327391E-01,6.390740E+03,1.682776E+04,4.476052E-01,1.499071E+00,8.057328E+03,2.947928E+03,5.643488E-01,2.626037E-01,1.279641E+04,4.850780E+03,8.962789E-01,4.321153E-01,8.085658E+03,3.043180E+03,5.663331E-01,2.710896E-01,1.276826E+04,5.884235E+03,8.943076E-01,5.241716E-01,1.357903E+04,1.492338E+04,9.510758E-01,1.329420E+00 
22:00:00,8.853035E+03,0.000000E+00,6.200821E-01,0.000000E+00,1.467058E+04,0.000000E+00,1.027550E+00,0.000000E+00,8.938441E+03,9.287968E+00,6.260642E-01,8.273077E-04,2.360406E+04,0.000000E+00,1.653403E+00,0.000000E+00,2.730687E+04,0.000000E+00,1.912757E+00,0.000000E+00,6.392804E+03,3.392646E+03,4.477609E-01,3.022210E-01,1.003543E+04,5.799172E+03,7.028928E-01,5.166002E-01,6.445916E+03,3.660952E+03,4.514810E-01,3.261219E-01,9.974054E+03,6.936737E+03,6.985942E-01,6.179321E-01,6.390854E+03,1.670939E+04,4.476129E-01,1.488527E+00,8.057350E+03,2.846176E+03,5.643504E-01,2.535403E-01,1.279644E+04,4.725581E+03,8.962814E-01,4.209629E-01,8.085680E+03,2.948729E+03,5.663346E-01,2.626762E-01,1.276830E+04,5.655585E+03,8.943101E-01,5.038048E-01,1.357912E+04,1.467995E+04,9.510820E-01,1.307738E+00 
22:15:00,8.853045E+03,0.000000E+00,6.200828E-01,0.000000E+00,1.467059E+04,0.000000E+00,1.027551E+00,0.000000E+00,8.938451E+03,0.000000E+00,6.260649E-01,0.000000E+00,2.360423E+04,0.000000E+00,1.653415E+00,0.000000E+00,2.730706E+04,0.000000E+00,1.912771E+00,0.000000E+00,6.392823E+03,2.519918E+03,4.477623E-01,2.244775E-01,1.003546E+04,4.317128E+03,7.028951E-01,3.845772E-01,6.445936E+03,2.720360E+03,4.514824E-01,2.423330E-01,9.974087E+03,5.142481E+03,6.985965E-01,4.580982E-01,6.390957E+03,1.248933E+04,4.476198E-01,1.112591E+00,8.057369E+03,2.097978E+03,5.643517E-01,1.868902E-01,1.279647E+04,3.498362E+03,8.962835E-01,3.116403E-01,8.085699E+03,2.177087E+03,5.663360E-01,1.939376E-01,1.276833E+04,4.159592E+03,8.943122E-01,3.705408E-01,1.357920E+04,1.092213E+04,9.510874E-01,9.729797E-01 
22:30:00,8.853054E+03,0.000000E+00,6.200834E-01,0.000000E+00,1.467061E+04,0.000000E+00,1.027553E+00,0.000000E+00,8.938460E+03,0.000000E+00,6.260655E-01,0.000000E+00,2.360440E+04,0.000000E+00,1.653427E+00,0.000000E+00,2.730723E+04,0.000000E+00,1.912783E+00,0.000000E+00,6.392841E+03,1.664782E+03,4.477635E-01,1.483010E-01,1.003549E+04,2.857370E+03,7.028972E-01,2.545396E-01,6.445954E+03,1.797468E+03,4.514837E-01,1.601207E-01,9.974117E+03,3.391330E+03,6.985986E-01,3.021038E-01,6.391050E+03,8.300048E+03,4.476262E-01,7.393963E-01,8.057386E+03,1.376406E+03,5.643528E-01,1.226120E-01,1.279650E+04,2.303503E+03,8.962854E-01,2.052003E-01,8.085715E+03,1.429955E+03,5.663371E-01,1.273822E-01,1.276835E+04,2.723523E+03,8.943141E-01,2.426146E-01,1.357927E+04,7.228156E+03,9.510921E-01,6.439084E-01 
22:45:00,8.853062E+03,0.000000E+00,6.200839E-01,0.000000E+00,1.467062E+04,0.000000E+00,1.027554E+00,0.000000E+00,8.938469E+03,0.000000E+00,6.260661E-01,0.000000E+00,2.360456E+04,0.000000E+00,1.653438E+00,0.000000E+00,2.730740E+04,0.000000E+00,1.912794E+00,0.000000E+00,6.392858E+03,8.252699E+02,4.477647E-01,7.351618E-02,1.003552E+04,1.418645E+03,7.028992E-01,1.263754E-01,6.445971E+03,8.910031E+02,4.514849E-01,7.937170E-02,9.974145E+03,1.678337E+03,6.986006E-01,1.495084E-01,6.391137E+03,4.357044E+03,4.476321E-01,3.813858E-01,8.057400E+03,6.779465E+02,5.643538E-01,6.039236E-02,1.279652E+04,1.138133E+03,8.962870E-01,1.013870E-01,8.085729E+03,7.048951E+02,5.663381E-01,6.279301E-02,1.276838E+04,1.339029E+03,8.943157E-01,1.192824E-01,1.357933E+04,3.589576E+03,9.510963E-01,3.197717E-01 
23:00:00,8.853069E+03,0.000000E+00,6.200845E-01,0.000000E+00,1.467064E+04,0.000000E+00,1.027554E+00,0.000000E+00,8.938476E+03,0.000000E+00,6.260666E-01,0.000000E+00,2.360470E+04,0.000000E+00,1.653448E+00,0.000000E+00,2.730755E+04,0.000000E+00,1.912805E+00,0.000000E+00,6.392874E+03,0.000000E+00,4.477658E-01,0.000000E+00,1.003554E+04,0.000000E+00,7.029011E-01,0.000000E+00,6.445987E+03,0.000000E+00,4.514860E-01,0.000000E+00,9.974172E+03,0.000000E+00,6.986024E-01,0.000000E+00,6.391218E+03,4.182752E+02,4.476377E-01,2.417430E-02,8.057412E+03,0.000000E+00,5.643547E-01,0.000000E+00,1.279654E+04,0.000000E+00,8.962885E-01,0.000000E+00,8.085742E+03,0.000000E+00,5.663390E-01,0.000000E+00,1.276840E+04,0.000000E+00,8.943171E-01,0.000000E+00,1.357938E+04,0.000000E+00,9.511000E-01,0.000000E+00 
23:15:00,8.853076E+03,0.000000E+00,6.200849E-01,0.000000E+00,1.467065E+04,0.000000E+00,1.027555E+00,0.000000E+00,8.938483E+03,0.000000E+00,6.260671E-01,0.000000E+00,2.360484E+04,0.000000E+00,1.653457E+00,0.000000E+00,2.730769E+04,0.000000E+00,1.912815E+00,0.000000E+00,6.392889E+03,0.000000E+00,4.477669E-01,0.000000E+00,1.003557E+04,0.000000E+00,7.029028E-01,0.000000E+00,6.446002E+03,0.000000E+00,4.514871E-01,0.000000E+00,9.974197E+03,0.000000E+00,6.986042E-01,0.000000E+00,6.391294E+03,9.272572E+02,4.476430E-01,5.320930E-02,8.057424E+03,0.000000E+00,5.643555E-01,0.000000E+00,1.279656E+04,0.000000E+00,8.962898E-01,0.000000E+00,8.085753E+03,0.000000E+00,5.663398E-01,0.000000E+00,1.276842E+04,0.000000E+00,8.943184E-01,0.000000E+00,1.357943E+04,4.517758E+02,9.511034E-01,2.598333E-02 
23:30:00,8.853082E+03,0.000000E+00,6.200854E-01,0.000000E+00,1.467066E+04,0.000000E+00,1.027556E+00,0.000000E+00,8.938490E+03,0.000000E+00,6.260676E-01,0.000000E+00,2.360496E+04,0.000000E+00,1.653466E+00,0.000000E+00,2.730783E+04,0.000000E+00,1.912824E+00,0.000000E+00,6.392903E+03,0.000000E+00,4.477678E-01,0.000000E+00,1.003559E+04,0.000000E+00,7.029045E-01,0.000000E+00,6.446016E+03,0.000000E+00,4.514880E-01,0.000000E+00,9.974221E+03,0.000000E+00,6.986058E-01,0.000000E+00,6.391367E+03,1.546445E+03,4.476480E-01,8.848166E-02,8.057434E+03,0.000000E+00,5.643562E-01,0.000000E+00,1.279658E+04,0.000000E+00,8.962909E-01,0.000000E+00,8.085763E+03,0.000000E+00,5.663405E-01,0.000000E+00,1.276843E+04,0.000000E+00,8.943196E-01,0.000000E+00,1.357948E+04,1.031146E+03,9.511065E-01,5.898909E-02 
23:45:00,8.853088E+03,0.000000E+00,6.200858E-01,0.000000E+00,1.467067E+04,0.000000E+00,1.027557E+00,0.000000E+00,8.938496E+03,0.000000E+00,6.260680E-01,0.000000E+00,2.360508E+04,0.000000E+00,1.653475E+00,0.000000E+00,2.730795E+04,0.000000E+00,1.912833E+00,0.000000E+00,6.392916E+03,0.000000E+00,4.477688E-01,0.000000E+00,1.003562E+04,0.000000E+00,7.029061E-01,0.000000E+00,6.446030E+03,0.000000E+00,4.514890E-01,0.000000E+00,9.974243E+03,2.337503E+01,6.986074E-01,1.335156E-03,6.391435E+03,2.024717E+03,4.476528E-01,1.154397E-01,8.057443E+03,0.000000E+00,5.643568E-01,0.000000E+00,1.279659E+04,0.000000E+00,8.962920E-01,0.000000E+00,8.085772E+03,0.000000E+00,5.663411E-01,0.000000E+00,1.276845E+04,0.000000E+00,8.943206E-01,0.000000E+00,1.357952E+04,1.723309E+03,9.511094E-01,9.841822E-02 
24:00:00,8.853094E+03,0.000000E+00,6.200862E-01,0.000000E+00,1.467068E+04,0.000000E+00,1.027558E+00,0.000000E+00,8.938502E+03,0.000000E+00,6.260684E-01,0.000000E+00,2.360520E+04,0.000000E+00,1.653483E+00,0.000000E+00,2.730807E+04,0.000000E+00,1.912841E+00,0.000000E+00,6.392929E+03,0.000000E+00,4.477697E-01,0.000000E+00,1.003564E+04,0.000000E+00,7.029077E-01,0.000000E+00,6.446043E+03,0.000000E+00,4.514899E-01,0.000000E+00,9.974265E+03,7.713783E+01,6.986089E-01,4.397721E-03,6.391501E+03,2.598805E+03,4.476573E-01,1.480831E-01,8.057451E+03,0.000000E+00,5.643574E-01,0.000000E+00,1.279661E+04,0.000000E+00,8.962929E-01,0.000000E+00,8.085780E+03,0.000000E+00,5.663417E-01,0.000000E+00,1.276846E+04,0.000000E+00,8.943216E-01,0.000000E+00,1.357955E+04,2.561379E+03,9.511120E-01,1.461601E-01 
Peak,8.853224E+03,7.748552E+02,6.200953E-01,6.904144E-02,1.467084E+04,2.450362E+03,1.027569E+00,2.183086E-01,8.938605E+03,1.693317E+03,6.260757E-01,1.508510E-01,2.360636E+04,0.000000E+00,1.653564E+00,0.000000E+00,2.730900E+04,0.000000E+00,1.912906E+00,0.000000E+00,6.392929E+03,6.085358E+03,4.477697E-01,4.988793E-01,1.003564E+04,1.257925E+04,7.029077E-01,1.036113E+00,6.446043E+03,7.166609E+03,4.514899E-01,6.384057E-01,9.974265E+03,1.314615E+04,6.986089E-01,1.171070E+00,6.391501E+03,2.872968E+04,4.476573E-01,2.336735E+00,8.057601E+03,6.004823E+03,5.643679E-01,4.915208E-01,1.279685E+04,1.284740E+04,8.963098E-01,1.144457E+00,8.085927E+03,8.325431E+03,5.663520E-01,7.416322E-01,1.276871E+04,1.505672E+04,8.943389E-01,1.341260E+00,1.358003E+04,2.862255E+04,9.511456E-01,2.319787E+00 

Peak Vol Flow (m3/s),,,5.420927E-01,6.035662E-02,,,8.983096E-01,1.908472E-01,,,5.473208E-01,1.318752E-01,,,1.445560E+00,0.000000E+00,,,1.672279E+00,0.000000E+00,,,3.914441E-01,4.361246E-01,,,6.144880E-01,9.057788E-01,,,3.946964E-01,5.580998E-01,,,6.107300E-01,1.023759E+00,,,3.913459E-01,2.042794E+00,,,4.933753E-01,4.296917E-01,,,7.835618E-01,1.000494E+00,,,4.951098E-01,6.483413E-01,,,7.818388E-01,1.172541E+00,,,8.314997E-01,2.027978E+00 
